Country,Region,Biome,Year,TreeCoverLoss_ha,TreeCoverGain_ha,NetForestChange_ha,FireArea_ha,CarbonLoss_tCO2,TreeCoverPct,PrimaryDriver,DeforestAlerts,ForestArea_km2
Brazil,South America,Tropical,2001,46642.0,6483.2,-40158.9,23156.4,13351303.2,95.19,Logging,53098,4900000
Brazil,South America,Tropical,2002,51274.7,9027.4,-42247.2,2063.1,15177423.2,93.81,Agricultural Expansion,65620,4900000
Brazil,South America,Tropical,2003,51835.0,15358.4,-36476.6,18437.4,12340021.9,95.54,Logging,58142,4900000
Brazil,South America,Tropical,2004,54438.1,6329.1,-48109.0,4224.1,14602205.8,96.28,Agricultural Expansion,97417,4900000
Brazil,South America,Tropical,2005,53005.5,11862.3,-41143.2,27230.4,14673503.7,93.37,Agricultural Expansion,83541,4900000
Brazil,South America,Tropical,2006,67302.1,15928.9,-51373.2,36197.4,19133007.9,95.7,Infrastructure,68314,4900000
Brazil,South America,Tropical,2007,56028.0,9403.6,-46624.4,1959.5,13949144.1,93.03,Agricultural Expansion,108854,4900000
Brazil,South America,Tropical,2008,64815.9,7689.6,-57126.3,4151.9,18887970.6,95.21,Fire,123322,4900000
Brazil,South America,Tropical,2009,64237.1,8284.5,-55952.6,3445.1,17201401.0,93.68,Agricultural Expansion,84968,4900000
Brazil,South America,Tropical,2010,64476.7,18208.3,-46268.4,4649.1,16741919.7,93.55,Fire,121797,4900000
Brazil,South America,Tropical,2011,79175.8,17691.7,-61484.0,3161.3,22694016.6,91.69,Agricultural Expansion,123604,4900000
Brazil,South America,Tropical,2012,77866.9,25454.0,-52412.9,24462.1,20598182.2,94.03,Agricultural Expansion,99410,4900000
Brazil,South America,Tropical,2013,75773.9,24085.9,-51688.0,1747.3,22936782.8,94.54,Mining,156466,4900000
Brazil,South America,Tropical,2014,75091.0,13478.9,-61612.1,18110.0,22900151.2,92.29,Mining,68260,4900000
Brazil,South America,Tropical,2015,55406.0,8617.1,-46788.9,15793.3,15888896.8,92.65,Climate/Drought,100502,4900000
Brazil,South America,Tropical,2016,61488.3,11738.6,-49749.7,4757.4,17194359.5,90.13,Agricultural Expansion,78108,4900000
Brazil,South America,Tropical,2017,79520.9,17945.5,-61575.4,20791.4,21591573.5,91.2,Infrastructure,122166,4900000
Brazil,South America,Tropical,2018,76968.2,26662.7,-50305.4,32238.4,20381436.5,92.57,Fire,106071,4900000
Brazil,South America,Tropical,2019,93517.0,21877.7,-71639.3,45273.6,28736806.3,93.44,Agricultural Expansion,86181,4900000
Brazil,South America,Tropical,2020,90941.2,20736.7,-70204.5,37110.3,26419525.2,90.04,Agricultural Expansion,192590,4900000
Brazil,South America,Tropical,2021,81963.9,10521.6,-71442.3,5853.4,21527327.6,92.14,Agricultural Expansion,132925,4900000
Brazil,South America,Tropical,2022,91490.3,21263.5,-70226.8,17130.8,23034999.2,92.07,Agricultural Expansion,168684,4900000
Brazil,South America,Tropical,2023,94024.1,11380.2,-82643.9,47897.9,28569664.2,90.6,Logging,169193,4900000
Indonesia,Asia,Tropical,2001,27101.2,4229.6,-22871.6,721.1,8203756.5,94.16,Fire,54310,1910000
Indonesia,Asia,Tropical,2002,34435.9,4250.0,-30185.9,983.6,10922295.3,94.8,Agricultural Expansion,70926,1910000
Indonesia,Asia,Tropical,2003,33902.8,8739.6,-25163.2,1531.9,9316929.9,97.0,Agricultural Expansion,62353,1910000
Indonesia,Asia,Tropical,2004,30134.5,10098.5,-20036.0,2231.2,8722630.8,94.96,Agricultural Expansion,64870,1910000
Indonesia,Asia,Tropical,2005,34460.1,10794.7,-23665.4,10477.2,9347235.7,95.17,Agricultural Expansion,55957,1910000
Indonesia,Asia,Tropical,2006,36295.0,8802.1,-27492.9,14372.9,10436704.0,93.96,Unknown,74063,1910000
Indonesia,Asia,Tropical,2007,32453.4,9255.4,-23197.9,1920.4,8210628.2,92.52,Urban Expansion,63386,1910000
Indonesia,Asia,Tropical,2008,39542.5,11845.9,-27696.6,2338.5,14057890.1,93.01,Urban Expansion,54895,1910000
Indonesia,Asia,Tropical,2009,41497.2,5124.7,-36372.5,519.4,13501832.6,90.9,Agricultural Expansion,69220,1910000
Indonesia,Asia,Tropical,2010,37668.4,4963.4,-32705.0,2407.0,11351116.7,92.02,Agricultural Expansion,36432,1910000
Indonesia,Asia,Tropical,2011,41375.0,9633.7,-31741.3,2259.9,9942706.3,92.87,Urban Expansion,51804,1910000
Indonesia,Asia,Tropical,2012,38176.6,4059.6,-34117.0,2615.8,10603597.7,90.95,Fire,42122,1910000
Indonesia,Asia,Tropical,2013,41007.7,6666.2,-34341.4,2461.4,10468711.7,93.24,Climate/Drought,76244,1910000
Indonesia,Asia,Tropical,2014,52599.4,10777.6,-41821.8,15379.5,15792241.1,92.43,Urban Expansion,79763,1910000
Indonesia,Asia,Tropical,2015,47791.3,5948.0,-41843.2,2061.9,13144970.9,90.15,Agricultural Expansion,81274,1910000
Indonesia,Asia,Tropical,2016,43325.3,8390.1,-34935.2,1959.2,12242114.2,90.22,Mining,42967,1910000
Indonesia,Asia,Tropical,2017,48422.6,12619.2,-35803.5,18609.3,13666074.6,91.94,Agricultural Expansion,84074,1910000
Indonesia,Asia,Tropical,2018,57326.3,19225.3,-38101.0,4430.4,13857997.7,91.23,Infrastructure,56898,1910000
Indonesia,Asia,Tropical,2019,45210.2,8126.2,-37083.9,525.8,12136595.8,91.66,Agricultural Expansion,81638,1910000
Indonesia,Asia,Tropical,2020,53600.5,15210.1,-38390.4,1594.2,15330981.0,91.29,Agricultural Expansion,117259,1910000
Indonesia,Asia,Tropical,2021,53201.3,10808.1,-42393.2,3423.4,15466839.7,89.9,Mining,77551,1910000
Indonesia,Asia,Tropical,2022,55323.4,6958.6,-48364.7,2509.9,16372663.0,90.71,Mining,77782,1910000
Indonesia,Asia,Tropical,2023,50453.8,5182.1,-45271.7,826.9,14447625.3,89.49,Climate/Drought,83020,1910000
DR Congo,Africa,Tropical,2001,16626.6,3028.8,-13597.8,1041.9,4509846.2,96.46,Urban Expansion,26841,2340000
DR Congo,Africa,Tropical,2002,20871.3,4391.0,-16480.3,721.4,6095061.8,97.0,Agricultural Expansion,21066,2340000
DR Congo,Africa,Tropical,2003,20590.1,6289.6,-14300.6,323.1,5847488.4,97.0,Agricultural Expansion,43886,2340000
DR Congo,Africa,Tropical,2004,21098.0,7310.5,-13787.6,766.7,5065078.4,97.0,Infrastructure,22038,2340000
DR Congo,Africa,Tropical,2005,22099.8,4799.3,-17300.5,4365.3,6185963.1,97.0,Agricultural Expansion,36649,2340000
DR Congo,Africa,Tropical,2006,25227.3,8591.0,-16636.3,756.8,6893935.8,96.6,Climate/Drought,23103,2340000
DR Congo,Africa,Tropical,2007,24222.3,8435.2,-15787.1,8999.6,7249179.3,97.0,Climate/Drought,43708,2340000
DR Congo,Africa,Tropical,2008,25690.7,5488.4,-20202.3,1307.7,7137534.7,96.72,Fire,32385,2340000
DR Congo,Africa,Tropical,2009,24921.5,4693.7,-20227.8,384.8,6316115.2,93.0,Unknown,48794,2340000
DR Congo,Africa,Tropical,2010,26894.6,7293.4,-19601.3,13833.8,7921605.6,96.82,Agricultural Expansion,56816,2340000
DR Congo,Africa,Tropical,2011,26391.2,7987.0,-18404.2,541.8,7243540.6,95.21,Logging,52643,2340000
DR Congo,Africa,Tropical,2012,26984.7,8354.0,-18630.7,1053.4,7498254.2,94.48,Mining,52802,2340000
DR Congo,Africa,Tropical,2013,32076.1,10783.7,-21292.4,876.1,9177736.3,92.65,Logging,56877,2340000
DR Congo,Africa,Tropical,2014,30011.3,7638.8,-22372.5,538.7,8545717.6,96.5,Urban Expansion,47304,2340000
DR Congo,Africa,Tropical,2015,29613.9,7114.3,-22499.6,1132.5,8961270.7,95.58,Agricultural Expansion,34851,2340000
DR Congo,Africa,Tropical,2016,32363.7,4339.7,-28023.9,9393.1,7963887.2,95.28,Logging,67167,2340000
DR Congo,Africa,Tropical,2017,30993.1,9171.3,-21821.8,1659.6,7359343.3,93.28,Mining,38298,2340000
DR Congo,Africa,Tropical,2018,33488.3,7192.7,-26295.6,1489.7,10113617.5,91.32,Agricultural Expansion,33442,2340000
DR Congo,Africa,Tropical,2019,28165.5,5250.5,-22914.9,1216.1,8155544.3,92.26,Fire,26845,2340000
DR Congo,Africa,Tropical,2020,30748.4,4373.5,-26374.9,6789.4,7745269.8,92.32,Agricultural Expansion,47796,2340000
DR Congo,Africa,Tropical,2021,32581.5,9769.6,-22811.8,512.3,9149722.6,93.32,Mining,61016,2340000
DR Congo,Africa,Tropical,2022,31468.8,4598.5,-26870.2,9383.6,10275596.8,91.67,Agricultural Expansion,47243,2340000
DR Congo,Africa,Tropical,2023,37093.5,12010.9,-25082.5,1752.6,9667911.2,93.63,Agricultural Expansion,45076,2340000
Bolivia,South America,Tropical,2001,6099.7,1185.3,-4914.4,1700.8,1630608.0,93.67,Agricultural Expansion,12551,680000
Bolivia,South America,Tropical,2002,9745.9,2897.4,-6848.5,156.8,2897249.8,96.55,Logging,14240,680000
Bolivia,South America,Tropical,2003,9054.7,1194.3,-7860.4,2673.2,2699676.5,96.76,Agricultural Expansion,19761,680000
Bolivia,South America,Tropical,2004,7607.4,954.3,-6653.1,1889.6,2214015.5,93.51,Agricultural Expansion,8561,680000
Bolivia,South America,Tropical,2005,8311.1,2694.4,-5616.7,2990.4,2371155.6,93.91,Agricultural Expansion,11778,680000
Bolivia,South America,Tropical,2006,8810.5,1257.4,-7553.0,661.3,2597377.6,91.72,Logging,16742,680000
Bolivia,South America,Tropical,2007,10124.2,1485.8,-8638.4,3241.5,2511814.2,93.53,Agricultural Expansion,17148,680000
Bolivia,South America,Tropical,2008,10484.5,1453.1,-9031.4,495.7,2594217.1,92.19,Agricultural Expansion,10299,680000
Bolivia,South America,Tropical,2009,9719.1,3377.3,-6341.8,4606.4,2880550.0,91.62,Urban Expansion,16273,680000
Bolivia,South America,Tropical,2010,7799.8,1460.3,-6339.5,531.5,2062109.8,93.17,Climate/Drought,16534,680000
Bolivia,South America,Tropical,2011,9972.2,1449.0,-8523.2,4452.1,3020463.6,92.78,Agricultural Expansion,19284,680000
Bolivia,South America,Tropical,2012,10336.1,1458.1,-8878.0,584.6,2806473.1,93.27,Logging,14575,680000
Bolivia,South America,Tropical,2013,10756.1,3271.5,-7484.6,391.4,2617312.5,91.55,Urban Expansion,16710,680000
Bolivia,South America,Tropical,2014,11743.1,2301.3,-9441.7,862.6,3237629.0,89.95,Fire,12694,680000
Bolivia,South America,Tropical,2015,12953.5,3866.7,-9086.8,613.2,3673154.0,91.77,Agricultural Expansion,16907,680000
Bolivia,South America,Tropical,2016,12862.9,1394.1,-11468.7,815.1,3385772.1,92.47,Mining,13426,680000
Bolivia,South America,Tropical,2017,11510.8,3586.9,-7923.9,3555.8,3122779.0,91.42,Agricultural Expansion,21167,680000
Bolivia,South America,Tropical,2018,13458.8,3680.8,-9778.0,371.8,4126083.8,88.59,Agricultural Expansion,20196,680000
Bolivia,South America,Tropical,2019,14525.0,4892.3,-9632.7,5584.7,4763282.2,90.63,Agricultural Expansion,29540,680000
Bolivia,South America,Tropical,2020,13028.5,3571.9,-9456.5,775.3,3833299.5,92.48,Agricultural Expansion,18909,680000
Bolivia,South America,Tropical,2021,14908.1,4235.6,-10672.5,1115.0,3885101.6,89.82,Unknown,29675,680000
Bolivia,South America,Tropical,2022,13467.5,3337.5,-10130.0,186.3,4059726.8,88.51,Agricultural Expansion,21529,680000
Bolivia,South America,Tropical,2023,11387.4,3757.4,-7630.0,3288.5,3113532.8,91.47,Agricultural Expansion,16946,680000
Peru,South America,Tropical,2001,5907.1,1209.4,-4697.8,208.9,1501268.8,94.82,Logging,12696,740000
Peru,South America,Tropical,2002,6410.7,879.3,-5531.4,102.4,1795096.6,95.98,Logging,6328,740000
Peru,South America,Tropical,2003,5789.0,1878.6,-3910.4,1309.9,1697437.9,97.0,Agricultural Expansion,5704,740000
Peru,South America,Tropical,2004,5749.5,1689.7,-4059.8,268.5,1375639.5,93.8,Logging,6334,740000
Peru,South America,Tropical,2005,6842.7,2302.8,-4539.9,198.1,1881780.6,94.61,Fire,7547,740000
Peru,South America,Tropical,2006,6787.1,1893.6,-4893.6,80.7,1806678.7,93.92,Fire,6282,740000
Peru,South America,Tropical,2007,7088.7,1025.3,-6063.4,189.1,1966729.7,95.52,Agricultural Expansion,14265,740000
Peru,South America,Tropical,2008,6526.6,2007.3,-4519.3,370.5,1743383.2,93.17,Infrastructure,5984,740000
Peru,South America,Tropical,2009,6155.1,1989.1,-4165.9,208.8,1936309.8,95.62,Agricultural Expansion,7684,740000
Peru,South America,Tropical,2010,6245.8,1599.2,-4646.7,303.8,1534177.2,93.14,Climate/Drought,11821,740000
Peru,South America,Tropical,2011,8512.3,2553.4,-5958.9,98.5,2378265.3,96.13,Agricultural Expansion,10514,740000
Peru,South America,Tropical,2012,8477.0,1143.0,-7334.0,668.9,2159480.2,93.41,Agricultural Expansion,7831,740000
Peru,South America,Tropical,2013,6803.2,1622.9,-5180.4,463.2,1978493.9,94.99,Agricultural Expansion,12004,740000
Peru,South America,Tropical,2014,9617.9,1383.5,-8234.4,378.1,2765330.9,89.95,Agricultural Expansion,10735,740000
Peru,South America,Tropical,2015,8201.5,2056.8,-6144.6,2507.3,2328325.5,94.15,Agricultural Expansion,10549,740000
Peru,South America,Tropical,2016,7914.6,1912.2,-6002.4,446.8,2230875.6,92.51,Agricultural Expansion,7443,740000
Peru,South America,Tropical,2017,9405.3,1061.5,-8343.9,487.0,2353436.5,91.62,Agricultural Expansion,9383,740000
Peru,South America,Tropical,2018,9270.8,2614.8,-6656.0,539.5,2312743.2,91.31,Urban Expansion,17978,740000
Peru,South America,Tropical,2019,8231.4,2037.7,-6193.6,135.1,2454742.1,89.96,Infrastructure,13206,740000
Peru,South America,Tropical,2020,9207.6,2930.2,-6277.4,611.9,2810269.5,92.57,Mining,11275,740000
Peru,South America,Tropical,2021,8139.2,2823.6,-5315.6,103.9,2269729.0,92.02,Fire,7684,740000
Peru,South America,Tropical,2022,9921.3,2721.9,-7199.3,5156.7,2997506.4,90.7,Mining,13044,740000
Peru,South America,Tropical,2023,8573.3,1115.7,-7457.6,3673.8,2484715.5,90.23,Agricultural Expansion,11229,740000
Colombia,South America,Tropical,2001,7628.0,2270.7,-5357.3,3053.9,2175772.3,96.91,Agricultural Expansion,7107,600000
Colombia,South America,Tropical,2002,7825.5,2619.7,-5205.8,624.9,2354560.8,94.98,Agricultural Expansion,11924,600000
Colombia,South America,Tropical,2003,9123.9,2343.7,-6780.2,719.7,2475012.1,97.0,Agricultural Expansion,16959,600000
Colombia,South America,Tropical,2004,7886.1,1487.8,-6398.4,2117.6,2164561.2,95.06,Agricultural Expansion,11037,600000
Colombia,South America,Tropical,2005,8665.5,2338.9,-6326.6,4592.6,2593534.2,94.59,Climate/Drought,13064,600000
Colombia,South America,Tropical,2006,7725.4,2686.8,-5038.6,4072.0,2221012.4,94.94,Fire,9269,600000
Colombia,South America,Tropical,2007,11132.1,1604.5,-9527.6,2500.0,2977913.6,95.77,Agricultural Expansion,24043,600000
Colombia,South America,Tropical,2008,10475.8,2870.4,-7605.4,4990.0,2816044.8,94.34,Agricultural Expansion,17503,600000
Colombia,South America,Tropical,2009,7982.0,1955.8,-6026.2,3998.9,2139095.0,93.38,Mining,17100,600000
Colombia,South America,Tropical,2010,9918.9,2616.7,-7302.2,159.6,2842313.8,91.94,Agricultural Expansion,18255,600000
Colombia,South America,Tropical,2011,9156.4,2050.7,-7105.6,2179.9,2470895.8,93.62,Mining,14134,600000
Colombia,South America,Tropical,2012,12669.3,3879.0,-8790.3,5336.4,3415574.6,93.8,Logging,24536,600000
Colombia,South America,Tropical,2013,9977.0,2640.0,-7337.0,705.5,2954007.5,93.46,Fire,17800,600000
Colombia,South America,Tropical,2014,12046.9,1682.4,-10364.6,855.7,3526310.2,92.4,Agricultural Expansion,16090,600000
Colombia,South America,Tropical,2015,10978.0,3138.3,-7839.6,5238.5,3080016.5,93.88,Agricultural Expansion,13976,600000
Colombia,South America,Tropical,2016,11265.7,2906.0,-8359.7,4546.9,3164645.9,91.73,Logging,21284,600000
Colombia,South America,Tropical,2017,11537.1,2714.9,-8822.2,391.5,3367835.7,92.07,Agricultural Expansion,24440,600000
Colombia,South America,Tropical,2018,11010.3,1929.5,-9080.9,162.0,3124778.0,93.03,Logging,10564,600000
Colombia,South America,Tropical,2019,9968.8,3168.9,-6799.9,775.8,2682048.0,91.8,Urban Expansion,9290,600000
Colombia,South America,Tropical,2020,13873.1,3757.2,-10116.0,404.5,3866596.5,89.36,Unknown,15436,600000
Colombia,South America,Tropical,2021,9541.2,2850.0,-6691.2,242.9,2717130.0,90.17,Fire,11976,600000
Colombia,South America,Tropical,2022,13276.2,2720.7,-10555.5,502.3,3691518.0,90.54,Agricultural Expansion,27379,600000
Colombia,South America,Tropical,2023,13009.9,2048.9,-10961.0,2113.5,3323638.2,92.08,Mining,19712,600000
Angola,Africa,Tropical,2001,8663.4,2548.3,-6115.0,598.9,2386679.0,94.9,Urban Expansion,8163,520000
Angola,Africa,Tropical,2002,8980.7,2965.5,-6015.2,590.5,2333169.1,95.72,Agricultural Expansion,16086,520000
Angola,Africa,Tropical,2003,7745.7,1726.5,-6019.2,2965.0,2120803.4,94.77,Agricultural Expansion,11554,520000
Angola,Africa,Tropical,2004,10145.5,1044.0,-9101.5,3114.6,3332356.1,94.68,Agricultural Expansion,18297,520000
Angola,Africa,Tropical,2005,9843.5,1081.9,-8761.7,170.7,2848578.5,97.0,Agricultural Expansion,17848,520000
Angola,Africa,Tropical,2006,9731.9,2334.8,-7397.1,2730.6,2557788.1,94.82,Agricultural Expansion,9178,520000
Angola,Africa,Tropical,2007,9838.3,1310.3,-8528.0,573.2,2613589.8,93.94,Urban Expansion,10191,520000
Angola,Africa,Tropical,2008,9823.7,2545.4,-7278.3,120.0,3099532.0,94.71,Mining,17960,520000
Angola,Africa,Tropical,2009,9933.8,3017.0,-6916.9,5045.6,2993500.7,93.79,Logging,17251,520000
Angola,Africa,Tropical,2010,12232.2,2833.0,-9399.2,192.2,3177706.1,93.14,Urban Expansion,21483,520000
Angola,Africa,Tropical,2011,14355.0,4016.5,-10338.4,7874.2,3992206.0,92.18,Unknown,25613,520000
Angola,Africa,Tropical,2012,11975.4,1413.7,-10561.7,3030.6,3609187.8,93.15,Fire,22340,520000
Angola,Africa,Tropical,2013,9436.8,1819.0,-7617.8,120.9,2475551.2,91.16,Mining,17390,520000
Angola,Africa,Tropical,2014,14237.6,3156.0,-11081.6,1040.0,3530842.5,92.09,Logging,29700,520000
Angola,Africa,Tropical,2015,12772.8,3294.0,-9478.8,245.4,3262484.6,92.92,Fire,19669,520000
Angola,Africa,Tropical,2016,12029.0,1946.4,-10082.6,495.3,2841320.9,92.56,Logging,13383,520000
Angola,Africa,Tropical,2017,13127.4,2159.9,-10967.5,430.1,3653333.9,90.16,Urban Expansion,13068,520000
Angola,Africa,Tropical,2018,12565.6,1789.8,-10775.7,422.1,3454510.7,93.26,Agricultural Expansion,21390,520000
Angola,Africa,Tropical,2019,12076.0,1713.6,-10362.3,5368.5,3504508.9,92.99,Fire,23516,520000
Angola,Africa,Tropical,2020,13324.3,3282.3,-10042.0,325.2,3645442.6,90.62,Agricultural Expansion,21192,520000
Angola,Africa,Tropical,2021,13528.8,4511.4,-9017.4,4774.2,3513640.7,91.2,Agricultural Expansion,27440,520000
Angola,Africa,Tropical,2022,14604.2,3120.7,-11483.5,645.8,3839821.0,91.26,Agricultural Expansion,18989,520000
Angola,Africa,Tropical,2023,12899.6,3461.7,-9437.9,213.8,3774775.1,91.82,Fire,14580,520000
Tanzania,Africa,Tropical,2001,5775.9,1787.8,-3988.1,334.0,1889325.2,95.52,Mining,9482,390000
Tanzania,Africa,Tropical,2002,6725.1,1035.1,-5690.0,252.7,2039497.7,95.7,Fire,14790,390000
Tanzania,Africa,Tropical,2003,5768.5,646.4,-5122.2,222.0,1651527.5,95.59,Logging,10729,390000
Tanzania,Africa,Tropical,2004,6265.8,1138.9,-5127.0,417.0,1872836.4,94.48,Urban Expansion,12301,390000
Tanzania,Africa,Tropical,2005,7515.0,977.3,-6537.6,78.2,1942719.1,92.86,Agricultural Expansion,13557,390000
Tanzania,Africa,Tropical,2006,6116.5,974.9,-5141.7,158.5,1454474.8,96.31,Agricultural Expansion,10430,390000
Tanzania,Africa,Tropical,2007,7677.3,1657.3,-6020.0,540.7,1773553.6,96.84,Agricultural Expansion,10315,390000
Tanzania,Africa,Tropical,2008,6162.2,1510.0,-4652.2,323.8,1526687.1,94.55,Urban Expansion,13200,390000
Tanzania,Africa,Tropical,2009,7966.6,833.0,-7133.6,1219.1,2349151.9,93.93,Agricultural Expansion,16770,390000
Tanzania,Africa,Tropical,2010,6956.4,1540.6,-5415.8,1836.1,1909530.2,93.55,Agricultural Expansion,9076,390000
Tanzania,Africa,Tropical,2011,8780.0,2217.7,-6562.3,255.4,2289334.0,92.82,Agricultural Expansion,15676,390000
Tanzania,Africa,Tropical,2012,7973.8,2210.8,-5763.0,3005.5,2024184.6,92.81,Agricultural Expansion,15531,390000
Tanzania,Africa,Tropical,2013,8520.3,2024.1,-6496.2,3435.9,2406104.5,93.24,Urban Expansion,17462,390000
Tanzania,Africa,Tropical,2014,7678.0,1940.6,-5737.4,528.2,2050085.9,90.85,Infrastructure,14700,390000
Tanzania,Africa,Tropical,2015,7856.3,1325.4,-6530.9,311.6,2096060.6,92.42,Fire,11684,390000
Tanzania,Africa,Tropical,2016,7600.4,2160.2,-5440.3,191.3,2174277.4,91.89,Agricultural Expansion,12838,390000
Tanzania,Africa,Tropical,2017,8678.7,2054.0,-6624.7,2658.8,2415028.4,94.68,Unknown,9350,390000
Tanzania,Africa,Tropical,2018,8269.1,1712.1,-6557.0,483.5,2581000.2,92.02,Unknown,10389,390000
Tanzania,Africa,Tropical,2019,10669.3,1278.8,-9390.5,5416.6,2865768.1,89.87,Agricultural Expansion,14526,390000
Tanzania,Africa,Tropical,2020,9390.6,1097.8,-8292.8,247.5,2487657.3,91.24,Logging,14957,390000
Tanzania,Africa,Tropical,2021,10337.6,1872.0,-8465.6,4319.0,3233421.7,91.09,Logging,10112,390000
Tanzania,Africa,Tropical,2022,10268.8,1476.9,-8791.8,247.1,2890548.2,90.2,Logging,19336,390000
Tanzania,Africa,Tropical,2023,9013.5,1684.6,-7329.0,592.0,2330817.1,89.71,Unknown,18974,390000
Mozambique,Africa,Tropical,2001,4522.4,1157.3,-3365.1,2044.6,1375033.3,96.48,Agricultural Expansion,8236,360000
Mozambique,Africa,Tropical,2002,4898.5,534.1,-4364.4,1250.3,1303960.0,95.34,Infrastructure,7935,360000
Mozambique,Africa,Tropical,2003,4364.7,924.4,-3440.3,201.2,1085153.5,95.67,Infrastructure,8759,360000
Mozambique,Africa,Tropical,2004,4908.7,746.7,-4161.9,89.1,1332236.4,96.52,Mining,9957,360000
Mozambique,Africa,Tropical,2005,5336.8,940.2,-4396.6,1660.8,1557012.8,93.63,Agricultural Expansion,11571,360000
Mozambique,Africa,Tropical,2006,5871.5,1528.0,-4343.5,113.2,1927672.4,94.26,Urban Expansion,6618,360000
Mozambique,Africa,Tropical,2007,3984.0,544.2,-3439.8,58.9,1120510.4,94.98,Agricultural Expansion,5825,360000
Mozambique,Africa,Tropical,2008,5500.1,978.8,-4521.3,224.2,1570558.3,93.17,Agricultural Expansion,9380,360000
Mozambique,Africa,Tropical,2009,5068.5,584.6,-4483.9,213.8,1460626.9,93.2,Agricultural Expansion,5361,360000
Mozambique,Africa,Tropical,2010,5514.7,969.6,-4545.1,2354.0,1545823.1,92.75,Unknown,10798,360000
Mozambique,Africa,Tropical,2011,4987.4,1276.7,-3710.8,198.6,1485675.2,93.22,Agricultural Expansion,5750,360000
Mozambique,Africa,Tropical,2012,6628.4,1272.2,-5356.1,450.2,1970090.5,94.04,Agricultural Expansion,9551,360000
Mozambique,Africa,Tropical,2013,5930.2,978.2,-4952.0,116.2,1658693.3,91.68,Logging,9561,360000
Mozambique,Africa,Tropical,2014,6292.6,1344.1,-4948.6,106.1,1614787.5,92.57,Agricultural Expansion,11695,360000
Mozambique,Africa,Tropical,2015,4966.6,986.5,-3980.2,322.6,1347341.0,93.74,Mining,7295,360000
Mozambique,Africa,Tropical,2016,5853.8,958.1,-4895.7,74.3,1628918.9,93.23,Fire,10286,360000
Mozambique,Africa,Tropical,2017,6919.2,1753.9,-5165.3,2472.7,2045788.3,91.98,Agricultural Expansion,12345,360000
Mozambique,Africa,Tropical,2018,8056.9,889.6,-7167.3,3517.1,2129203.4,93.18,Agricultural Expansion,10913,360000
Mozambique,Africa,Tropical,2019,7490.6,1095.9,-6394.7,1418.4,2267355.0,90.43,Fire,6945,360000
Mozambique,Africa,Tropical,2020,7783.0,938.2,-6844.8,238.8,2271859.2,92.7,Agricultural Expansion,9085,360000
Mozambique,Africa,Tropical,2021,7499.1,2202.2,-5297.0,353.4,1963707.1,92.62,Agricultural Expansion,14042,360000
Mozambique,Africa,Tropical,2022,8771.9,2657.4,-6114.6,166.4,2551879.0,90.37,Agricultural Expansion,12138,360000
Mozambique,Africa,Tropical,2023,6258.3,1584.8,-4673.5,168.0,1513397.1,90.62,Agricultural Expansion,10886,360000
Paraguay,South America,Subtropical,2001,1973.0,599.8,-1373.3,136.6,389990.6,92.98,Urban Expansion,2956,170000
Paraguay,South America,Subtropical,2002,2170.3,638.3,-1532.0,48.7,456389.9,92.87,Logging,4260,170000
Paraguay,South America,Subtropical,2003,1992.6,305.6,-1687.0,137.2,407133.9,94.19,Fire,3110,170000
Paraguay,South America,Subtropical,2004,2318.2,631.1,-1687.1,126.4,406493.6,91.73,Urban Expansion,2114,170000
Paraguay,South America,Subtropical,2005,1980.5,320.2,-1660.3,157.3,390305.0,90.62,Mining,2307,170000
Paraguay,South America,Subtropical,2006,2706.8,687.5,-2019.3,790.8,556321.2,91.23,Urban Expansion,5113,170000
Paraguay,South America,Subtropical,2007,2385.7,259.6,-2126.1,57.7,473096.3,91.65,Agricultural Expansion,2608,170000
Paraguay,South America,Subtropical,2008,2621.5,915.1,-1706.4,108.5,510613.2,91.16,Urban Expansion,3693,170000
Paraguay,South America,Subtropical,2009,2741.4,556.9,-2184.5,28.0,489727.9,92.16,Urban Expansion,2798,170000
Paraguay,South America,Subtropical,2010,2428.4,632.8,-1795.6,927.6,572654.2,92.87,Fire,4321,170000
Paraguay,South America,Subtropical,2011,2951.1,889.0,-2062.1,199.9,556414.2,90.14,Agricultural Expansion,3938,170000
Paraguay,South America,Subtropical,2012,2883.3,856.8,-2026.5,117.7,615231.8,89.03,Agricultural Expansion,2927,170000
Paraguay,South America,Subtropical,2013,2243.5,348.1,-1895.4,138.0,416524.8,91.87,Fire,4310,170000
Paraguay,South America,Subtropical,2014,2757.1,854.6,-1902.5,137.9,514388.5,88.81,Fire,3680,170000
Paraguay,South America,Subtropical,2015,2560.8,272.9,-2288.0,1236.1,517216.8,87.02,Agricultural Expansion,5436,170000
Paraguay,South America,Subtropical,2016,2809.1,893.8,-1915.3,64.7,499099.0,87.49,Mining,3015,170000
Paraguay,South America,Subtropical,2017,2144.8,257.7,-1887.1,96.0,478839.9,88.09,Urban Expansion,2373,170000
Paraguay,South America,Subtropical,2018,2765.1,795.9,-1969.2,212.8,564698.6,88.27,Agricultural Expansion,3429,170000
Paraguay,South America,Subtropical,2019,3070.6,496.7,-2574.0,84.3,653395.2,87.18,Logging,5864,170000
Paraguay,South America,Subtropical,2020,3190.3,345.8,-2844.5,1635.3,604687.5,84.98,Agricultural Expansion,4311,170000
Paraguay,South America,Subtropical,2021,3548.0,1153.0,-2395.1,1474.3,712929.5,88.26,Climate/Drought,3434,170000
Paraguay,South America,Subtropical,2022,2803.4,792.5,-2010.8,78.4,539907.7,87.75,Fire,4213,170000
Paraguay,South America,Subtropical,2023,2926.0,1003.6,-1922.4,100.8,555103.2,86.17,Mining,4768,170000
Myanmar,Asia,Tropical,2001,5543.5,1535.3,-4008.1,87.1,1568716.8,92.03,Logging,11804,290000
Myanmar,Asia,Tropical,2002,5856.6,1830.2,-4026.5,248.1,1843018.2,92.06,Logging,5745,290000
Myanmar,Asia,Tropical,2003,6917.3,1485.9,-5431.4,3213.2,1944577.0,92.2,Agricultural Expansion,9195,290000
Myanmar,Asia,Tropical,2004,5928.9,1714.6,-4214.3,144.3,1618200.5,93.41,Logging,12927,290000
Myanmar,Asia,Tropical,2005,6387.1,2090.5,-4296.6,286.4,1696263.3,93.79,Agricultural Expansion,8907,290000
Myanmar,Asia,Tropical,2006,6938.6,2039.3,-4899.4,168.4,1693840.3,92.54,Urban Expansion,11454,290000
Myanmar,Asia,Tropical,2007,7589.3,1510.2,-6079.1,359.1,2204840.8,93.23,Agricultural Expansion,9955,290000
Myanmar,Asia,Tropical,2008,7418.8,2331.7,-5087.1,218.0,1997793.0,91.18,Mining,12987,290000
Myanmar,Asia,Tropical,2009,6997.9,1776.2,-5221.6,3519.7,1799863.9,92.17,Urban Expansion,10098,290000
Myanmar,Asia,Tropical,2010,7323.1,2534.0,-4789.1,398.6,1879807.7,90.99,Agricultural Expansion,11919,290000
Myanmar,Asia,Tropical,2011,8841.6,2852.0,-5989.6,3913.3,2514453.2,91.37,Agricultural Expansion,14173,290000
Myanmar,Asia,Tropical,2012,7909.4,2195.3,-5714.0,2677.1,2188981.7,92.37,Agricultural Expansion,12200,290000
Myanmar,Asia,Tropical,2013,7462.9,1070.5,-6392.5,506.1,2234829.5,89.87,Agricultural Expansion,10092,290000
Myanmar,Asia,Tropical,2014,7703.0,1637.6,-6065.4,428.1,1927579.1,91.79,Mining,11652,290000
Myanmar,Asia,Tropical,2015,8242.6,1084.4,-7158.1,270.0,2329814.6,89.57,Fire,16387,290000
Myanmar,Asia,Tropical,2016,8829.8,1499.5,-7330.3,517.3,2137262.1,89.95,Agricultural Expansion,8327,290000
Myanmar,Asia,Tropical,2017,9449.8,3161.7,-6288.1,601.2,2402069.2,88.09,Urban Expansion,19649,290000
Myanmar,Asia,Tropical,2018,9476.6,2536.7,-6939.9,168.4,2336786.5,86.57,Mining,15263,290000
Myanmar,Asia,Tropical,2019,9151.2,1168.4,-7982.8,118.4,2550953.0,88.78,Urban Expansion,18447,290000
Myanmar,Asia,Tropical,2020,9487.8,1641.9,-7845.9,595.6,2821852.3,88.17,Agricultural Expansion,19303,290000
Myanmar,Asia,Tropical,2021,9597.6,2257.1,-7340.5,2368.3,2565850.5,86.29,Agricultural Expansion,16103,290000
Myanmar,Asia,Tropical,2022,9180.7,1600.3,-7580.4,4106.3,2647655.9,89.38,Logging,18912,290000
Myanmar,Asia,Tropical,2023,10347.3,1124.4,-9222.9,824.5,2765554.2,87.17,Mining,20495,290000
Cambodia,Asia,Tropical,2001,2743.7,353.2,-2390.5,1409.8,820664.5,94.13,Mining,4508,130000
Cambodia,Asia,Tropical,2002,2057.1,368.7,-1688.4,132.0,603326.0,93.11,Logging,3474,130000
Cambodia,Asia,Tropical,2003,3181.4,820.3,-2361.2,188.3,895505.0,91.1,Agricultural Expansion,4453,130000
Cambodia,Asia,Tropical,2004,3639.2,1228.7,-2410.5,225.8,1006435.2,92.03,Logging,4478,130000
Cambodia,Asia,Tropical,2005,3135.4,597.2,-2538.2,41.4,851521.5,91.69,Climate/Drought,4172,130000
Cambodia,Asia,Tropical,2006,2716.4,686.4,-2030.0,632.4,756172.6,91.9,Logging,5278,130000
Cambodia,Asia,Tropical,2007,3002.2,729.6,-2272.6,91.7,831193.7,92.83,Agricultural Expansion,5110,130000
Cambodia,Asia,Tropical,2008,3225.5,731.7,-2493.8,143.7,852817.6,90.93,Fire,4671,130000
Cambodia,Asia,Tropical,2009,2900.0,588.0,-2312.0,173.9,722117.4,92.6,Urban Expansion,6210,130000
Cambodia,Asia,Tropical,2010,3333.5,548.0,-2785.4,1305.1,942963.2,90.95,Fire,4977,130000
Cambodia,Asia,Tropical,2011,3268.3,628.4,-2640.0,1038.0,906725.6,91.12,Agricultural Expansion,4448,130000
Cambodia,Asia,Tropical,2012,3735.5,1007.3,-2728.2,192.6,1078294.4,91.63,Agricultural Expansion,6336,130000
Cambodia,Asia,Tropical,2013,3846.6,1224.9,-2621.8,70.9,990826.7,90.66,Agricultural Expansion,5572,130000
Cambodia,Asia,Tropical,2014,3795.0,927.1,-2867.9,756.0,922620.0,91.79,Logging,6633,130000
Cambodia,Asia,Tropical,2015,3589.4,1117.8,-2471.7,143.9,921066.3,91.13,Agricultural Expansion,6912,130000
Cambodia,Asia,Tropical,2016,4574.4,1398.0,-3176.4,339.3,1258405.1,90.73,Agricultural Expansion,6324,130000
Cambodia,Asia,Tropical,2017,3383.7,846.8,-2536.8,196.9,875075.2,89.03,Agricultural Expansion,3672,130000
Cambodia,Asia,Tropical,2018,4057.2,562.4,-3494.8,1656.7,1198008.0,88.6,Fire,5811,130000
Cambodia,Asia,Tropical,2019,4182.2,743.6,-3438.6,219.2,1069830.5,88.31,Unknown,6232,130000
Cambodia,Asia,Tropical,2020,4004.2,886.5,-3117.7,1410.2,1154469.0,88.25,Climate/Drought,3764,130000
Cambodia,Asia,Tropical,2021,4393.7,865.5,-3528.2,700.1,1207955.3,90.44,Agricultural Expansion,9095,130000
Cambodia,Asia,Tropical,2022,4843.4,1214.4,-3629.0,382.1,1324466.6,88.15,Agricultural Expansion,6786,130000
Cambodia,Asia,Tropical,2023,4819.8,892.1,-3927.7,100.2,1513217.9,90.7,Urban Expansion,9561,130000
Laos,Asia,Tropical,2001,1780.9,264.7,-1516.1,511.1,468159.9,95.6,Agricultural Expansion,2406,160000
Laos,Asia,Tropical,2002,2156.6,528.6,-1628.0,706.5,595165.1,97.0,Agricultural Expansion,4727,160000
Laos,Asia,Tropical,2003,2179.1,528.1,-1651.0,52.5,648576.8,94.99,Agricultural Expansion,3499,160000
Laos,Asia,Tropical,2004,2055.9,322.6,-1733.2,151.4,586360.5,96.9,Mining,2199,160000
Laos,Asia,Tropical,2005,2160.8,645.1,-1515.7,1082.2,616884.8,94.37,Climate/Drought,4700,160000
Laos,Asia,Tropical,2006,2034.0,449.2,-1584.8,104.2,511787.1,93.26,Agricultural Expansion,3844,160000
Laos,Asia,Tropical,2007,2423.3,540.6,-1882.7,171.1,563605.7,95.46,Unknown,4589,160000
Laos,Asia,Tropical,2008,2346.9,571.2,-1775.7,56.4,710756.7,93.53,Mining,2302,160000
Laos,Asia,Tropical,2009,2457.3,559.3,-1898.0,183.9,736379.2,95.87,Agricultural Expansion,4520,160000
Laos,Asia,Tropical,2010,2491.6,680.5,-1811.1,672.1,753592.1,92.63,Agricultural Expansion,2924,160000
Laos,Asia,Tropical,2011,2475.5,256.4,-2219.0,169.3,734688.3,93.53,Urban Expansion,4702,160000
Laos,Asia,Tropical,2012,2518.8,666.6,-1852.2,174.3,667395.1,93.03,Logging,2521,160000
Laos,Asia,Tropical,2013,2290.6,266.9,-2023.8,445.3,568084.0,92.56,Urban Expansion,2953,160000
Laos,Asia,Tropical,2014,2972.9,354.4,-2618.5,195.1,821975.5,92.37,Agricultural Expansion,4232,160000
Laos,Asia,Tropical,2015,2578.7,439.0,-2139.7,193.5,683461.4,91.69,Agricultural Expansion,3918,160000
Laos,Asia,Tropical,2016,3112.3,487.1,-2625.2,244.4,770613.3,93.22,Fire,3298,160000
Laos,Asia,Tropical,2017,2991.6,635.2,-2356.3,160.8,896492.6,90.2,Agricultural Expansion,5469,160000
Laos,Asia,Tropical,2018,3290.1,1005.6,-2284.6,160.1,846718.4,91.35,Urban Expansion,4122,160000
Laos,Asia,Tropical,2019,2542.9,339.4,-2203.5,35.1,710608.4,90.27,Urban Expansion,3201,160000
Laos,Asia,Tropical,2020,3180.9,880.3,-2300.6,1545.1,837131.5,92.12,Agricultural Expansion,4352,160000
Laos,Asia,Tropical,2021,3474.3,619.6,-2854.7,251.6,939548.9,90.25,Agricultural Expansion,7481,160000
Laos,Asia,Tropical,2022,3550.1,434.3,-3115.8,158.2,1103188.6,88.68,Fire,3215,160000
Laos,Asia,Tropical,2023,3538.5,943.3,-2595.1,223.9,934148.8,88.76,Climate/Drought,3669,160000
Vietnam,Asia,Tropical,2001,2306.6,602.1,-1704.5,678.2,645874.1,96.61,Agricultural Expansion,3448,140000
Vietnam,Asia,Tropical,2002,2032.6,391.2,-1641.4,928.9,520492.9,96.03,Agricultural Expansion,2389,140000
Vietnam,Asia,Tropical,2003,2282.8,603.4,-1679.4,163.5,669177.8,94.1,Logging,2930,140000
Vietnam,Asia,Tropical,2004,2367.2,673.8,-1693.4,965.7,620975.4,94.06,Agricultural Expansion,4870,140000
Vietnam,Asia,Tropical,2005,2496.4,429.0,-2067.4,35.1,700982.0,93.69,Agricultural Expansion,4958,140000
Vietnam,Asia,Tropical,2006,2356.6,526.0,-1830.6,111.2,613920.8,94.62,Logging,5072,140000
Vietnam,Asia,Tropical,2007,2411.8,554.1,-1857.7,76.8,709121.8,95.25,Logging,5230,140000
Vietnam,Asia,Tropical,2008,2713.1,352.8,-2360.3,426.0,791153.0,94.26,Agricultural Expansion,3669,140000
Vietnam,Asia,Tropical,2009,3011.2,581.0,-2430.2,812.8,852847.7,93.95,Mining,2802,140000
Vietnam,Asia,Tropical,2010,2718.8,802.3,-1916.5,102.9,774261.0,93.52,Agricultural Expansion,5088,140000
Vietnam,Asia,Tropical,2011,2287.8,499.8,-1788.0,1219.7,641520.6,93.67,Climate/Drought,2283,140000
Vietnam,Asia,Tropical,2012,2449.6,364.9,-2084.7,977.3,656302.3,91.81,Urban Expansion,4787,140000
Vietnam,Asia,Tropical,2013,2938.7,761.1,-2177.6,168.1,776134.2,91.38,Infrastructure,3754,140000
Vietnam,Asia,Tropical,2014,3222.8,892.5,-2330.3,673.3,897585.7,91.64,Agricultural Expansion,3463,140000
Vietnam,Asia,Tropical,2015,3624.9,1230.6,-2394.3,97.6,1158744.5,92.4,Agricultural Expansion,4556,140000
Vietnam,Asia,Tropical,2016,3008.3,711.9,-2296.4,39.3,923268.8,90.43,Agricultural Expansion,2902,140000
Vietnam,Asia,Tropical,2017,3045.3,946.8,-2098.5,199.5,827066.3,92.6,Climate/Drought,3520,140000
Vietnam,Asia,Tropical,2018,2683.5,561.5,-2122.0,40.6,775686.8,92.15,Fire,5057,140000
Vietnam,Asia,Tropical,2019,3265.3,458.5,-2806.8,196.8,960361.4,89.84,Fire,3629,140000
Vietnam,Asia,Tropical,2020,3817.6,857.9,-2959.7,586.4,1095550.6,89.64,Agricultural Expansion,5032,140000
Vietnam,Asia,Tropical,2021,3594.4,1121.5,-2472.9,59.9,975655.9,90.81,Logging,6330,140000
Vietnam,Asia,Tropical,2022,3330.9,664.4,-2666.5,264.9,890365.0,89.86,Agricultural Expansion,4697,140000
Vietnam,Asia,Tropical,2023,3984.9,1149.9,-2835.0,305.1,969989.8,91.6,Urban Expansion,4886,140000
Malaysia,Asia,Tropical,2001,8402.5,1345.2,-7057.3,4346.6,2147701.4,87.96,Agricultural Expansion,7987,220000
Malaysia,Asia,Tropical,2002,7640.0,832.8,-6807.2,3794.9,1908560.9,91.93,Logging,12007,220000
Malaysia,Asia,Tropical,2003,7214.3,1358.2,-5856.1,550.1,2155444.5,90.99,Mining,10960,220000
Malaysia,Asia,Tropical,2004,7749.3,1738.8,-6010.5,2994.7,2086156.2,87.81,Mining,9060,220000
Malaysia,Asia,Tropical,2005,8316.8,1682.9,-6633.8,569.8,2444369.1,90.04,Agricultural Expansion,14563,220000
Malaysia,Asia,Tropical,2006,9170.6,1264.6,-7906.0,437.8,2464797.7,86.55,Agricultural Expansion,9777,220000
Malaysia,Asia,Tropical,2007,9374.3,1065.5,-8308.8,242.1,2154738.5,87.06,Agricultural Expansion,8454,220000
Malaysia,Asia,Tropical,2008,8325.7,2350.6,-5975.0,214.0,2529845.1,89.03,Mining,12067,220000
Malaysia,Asia,Tropical,2009,8250.0,2294.8,-5955.2,187.4,2116236.5,89.55,Agricultural Expansion,14514,220000
Malaysia,Asia,Tropical,2010,7833.9,937.0,-6896.8,467.3,2267232.9,86.86,Logging,16747,220000
Malaysia,Asia,Tropical,2011,8152.5,2271.3,-5881.2,140.0,2409411.1,84.52,Logging,17224,220000
Malaysia,Asia,Tropical,2012,10078.7,3092.9,-6985.8,604.8,2983241.8,86.96,Fire,18622,220000
Malaysia,Asia,Tropical,2013,9724.5,2934.5,-6789.9,2802.0,2851815.3,88.07,Agricultural Expansion,15857,220000
Malaysia,Asia,Tropical,2014,11358.0,3825.1,-7532.9,416.1,3281340.8,85.9,Fire,15897,220000
Malaysia,Asia,Tropical,2015,10551.1,1674.9,-8876.2,709.0,3048372.2,88.48,Logging,21328,220000
Malaysia,Asia,Tropical,2016,10889.2,1576.9,-9312.3,530.2,2836322.2,85.71,Mining,12026,220000
Malaysia,Asia,Tropical,2017,9839.2,3127.4,-6711.8,647.1,2559807.2,87.13,Agricultural Expansion,19508,220000
Malaysia,Asia,Tropical,2018,13495.1,4406.4,-9088.6,5662.6,3797072.2,84.78,Agricultural Expansion,17527,220000
Malaysia,Asia,Tropical,2019,12980.2,2382.0,-10598.2,497.4,3249001.5,84.45,Agricultural Expansion,18984,220000
Malaysia,Asia,Tropical,2020,12865.8,3491.3,-9374.5,2221.1,3738862.4,84.86,Fire,22810,220000
Malaysia,Asia,Tropical,2021,10577.2,2163.9,-8413.3,180.8,3069619.5,84.19,Agricultural Expansion,22999,220000
Malaysia,Asia,Tropical,2022,10189.9,1190.9,-8998.9,229.8,3155467.3,83.81,Fire,14770,220000
Malaysia,Asia,Tropical,2023,11080.2,1840.1,-9240.1,3802.9,2741686.1,85.43,Agricultural Expansion,23923,220000
Papua New Guinea,Oceania,Tropical,2001,4516.4,538.6,-3977.8,2396.2,1216185.6,95.16,Logging,7726,360000
Papua New Guinea,Oceania,Tropical,2002,4650.2,482.6,-4167.6,128.2,1377681.9,96.22,Fire,6076,360000
Papua New Guinea,Oceania,Tropical,2003,6353.7,1066.0,-5287.7,448.7,1847704.2,95.4,Agricultural Expansion,10571,360000
Papua New Guinea,Oceania,Tropical,2004,6262.4,1265.2,-4997.2,2399.6,1897039.3,95.43,Agricultural Expansion,8884,360000
Papua New Guinea,Oceania,Tropical,2005,5794.4,1796.0,-3998.4,2427.8,1619766.4,94.28,Agricultural Expansion,10852,360000
Papua New Guinea,Oceania,Tropical,2006,5913.9,973.9,-4940.0,358.6,1751632.7,96.34,Agricultural Expansion,10225,360000
Papua New Guinea,Oceania,Tropical,2007,7004.9,1124.3,-5880.5,114.9,2001755.0,93.71,Fire,6429,360000
Papua New Guinea,Oceania,Tropical,2008,5821.5,976.3,-4845.2,1018.8,1551231.9,94.56,Logging,10331,360000
Papua New Guinea,Oceania,Tropical,2009,7442.1,895.2,-6546.9,511.2,2156665.8,94.06,Infrastructure,11963,360000
Papua New Guinea,Oceania,Tropical,2010,6960.8,1988.8,-4971.9,323.7,1780155.2,94.06,Agricultural Expansion,11553,360000
Papua New Guinea,Oceania,Tropical,2011,6660.1,1562.3,-5097.7,1980.6,1904485.6,93.86,Urban Expansion,9927,360000
Papua New Guinea,Oceania,Tropical,2012,6032.2,1667.1,-4365.1,247.2,1770933.7,92.08,Fire,8910,360000
Papua New Guinea,Oceania,Tropical,2013,7739.0,816.3,-6922.7,2716.8,2164815.9,91.66,Infrastructure,8025,360000
Papua New Guinea,Oceania,Tropical,2014,6929.0,1827.8,-5101.1,1481.4,2136165.7,93.19,Agricultural Expansion,13569,360000
Papua New Guinea,Oceania,Tropical,2015,7703.7,2089.9,-5613.8,2046.7,1993181.7,91.0,Logging,12296,360000
Papua New Guinea,Oceania,Tropical,2016,6583.8,2022.1,-4561.7,207.7,1672815.4,91.59,Infrastructure,8958,360000
Papua New Guinea,Oceania,Tropical,2017,8029.2,1817.9,-6211.3,572.8,2212001.4,90.47,Logging,12477,360000
Papua New Guinea,Oceania,Tropical,2018,8227.9,2215.2,-6012.6,576.9,2253240.5,93.71,Urban Expansion,9120,360000
Papua New Guinea,Oceania,Tropical,2019,7182.4,1927.8,-5254.5,3071.0,1952309.7,90.64,Agricultural Expansion,6482,360000
Papua New Guinea,Oceania,Tropical,2020,9066.2,2073.7,-6992.5,1662.9,2701740.2,89.89,Agricultural Expansion,9401,360000
Papua New Guinea,Oceania,Tropical,2021,7362.2,1145.5,-6216.7,386.8,1862623.8,89.81,Agricultural Expansion,15812,360000
Papua New Guinea,Oceania,Tropical,2022,9460.8,1929.5,-7531.4,452.8,3036300.9,89.2,Fire,14665,360000
Papua New Guinea,Oceania,Tropical,2023,9213.6,1870.3,-7343.4,499.4,2396720.1,90.09,Logging,9696,360000
Mexico,North America,Subtropical,2001,2428.3,368.0,-2060.3,176.5,458262.2,94.49,Agricultural Expansion,2242,640000
Mexico,North America,Subtropical,2002,2462.5,734.3,-1728.2,836.5,562430.4,97.0,Fire,3027,640000
Mexico,North America,Subtropical,2003,2780.7,849.1,-1931.6,122.2,561270.2,96.92,Agricultural Expansion,3165,640000
Mexico,North America,Subtropical,2004,2909.7,912.9,-1996.8,124.1,574420.6,96.12,Mining,6029,640000
Mexico,North America,Subtropical,2005,2546.2,599.5,-1946.7,37.3,542768.0,96.48,Fire,4952,640000
Mexico,North America,Subtropical,2006,2512.6,523.5,-1989.1,123.5,464603.8,95.63,Logging,3478,640000
Mexico,North America,Subtropical,2007,2712.2,586.0,-2126.2,151.8,518990.9,95.96,Urban Expansion,2459,640000
Mexico,North America,Subtropical,2008,3435.1,1034.4,-2400.7,166.2,754188.0,96.46,Urban Expansion,6677,640000
Mexico,North America,Subtropical,2009,2576.4,689.9,-1886.5,159.6,517345.7,95.89,Agricultural Expansion,4830,640000
Mexico,North America,Subtropical,2010,2946.9,963.8,-1983.1,152.7,621725.8,95.83,Fire,5074,640000
Mexico,North America,Subtropical,2011,3026.5,844.7,-2181.8,73.1,553735.8,94.3,Agricultural Expansion,4395,640000
Mexico,North America,Subtropical,2012,2912.5,952.3,-1960.2,67.4,591565.7,94.38,Logging,5732,640000
Mexico,North America,Subtropical,2013,3554.9,597.2,-2957.7,101.3,740684.9,93.0,Climate/Drought,4444,640000
Mexico,North America,Subtropical,2014,3634.6,537.0,-3097.7,92.0,649281.0,95.2,Fire,7121,640000
Mexico,North America,Subtropical,2015,3584.1,526.6,-3057.5,1539.7,754934.9,93.66,Logging,4435,640000
Mexico,North America,Subtropical,2016,3395.7,368.2,-3027.6,91.8,653567.3,94.04,Fire,4482,640000
Mexico,North America,Subtropical,2017,3725.3,1300.3,-2425.0,257.6,729821.5,92.86,Agricultural Expansion,3812,640000
Mexico,North America,Subtropical,2018,3608.6,1262.0,-2346.6,225.1,740334.9,93.84,Unknown,4380,640000
Mexico,North America,Subtropical,2019,3601.2,477.2,-3124.0,1059.4,694844.8,91.04,Urban Expansion,6304,640000
Mexico,North America,Subtropical,2020,3946.9,623.6,-3323.3,1798.8,863152.8,93.72,Agricultural Expansion,7847,640000
Mexico,North America,Subtropical,2021,4187.3,1072.6,-3114.7,213.9,955880.0,94.83,Fire,5887,640000
Mexico,North America,Subtropical,2022,3665.1,576.2,-3088.9,274.8,722426.1,93.13,Logging,4306,640000
Mexico,North America,Subtropical,2023,4366.8,1217.4,-3149.5,60.0,906948.6,93.64,Logging,6048,640000
Honduras,North America,Tropical,2001,3234.1,458.7,-2775.4,188.7,969660.1,89.61,Agricultural Expansion,3567,55000
Honduras,North America,Tropical,2002,3353.0,485.6,-2867.4,140.4,1049575.6,87.35,Fire,3101,55000
Honduras,North America,Tropical,2003,3181.3,937.8,-2243.5,187.6,916629.0,88.06,Climate/Drought,5079,55000
Honduras,North America,Tropical,2004,2365.5,327.4,-2038.0,69.5,648583.2,89.36,Infrastructure,3220,55000
Honduras,North America,Tropical,2005,3769.2,425.9,-3343.3,1203.6,1069797.1,86.09,Mining,7718,55000
Honduras,North America,Tropical,2006,2968.9,937.4,-2031.5,70.6,867538.0,87.82,Fire,6520,55000
Honduras,North America,Tropical,2007,3220.7,346.3,-2874.5,172.6,899685.0,87.05,Mining,3159,55000
Honduras,North America,Tropical,2008,3346.1,1150.5,-2195.6,233.2,924029.4,86.0,Infrastructure,3320,55000
Honduras,North America,Tropical,2009,3348.6,511.3,-2837.3,1130.6,905381.7,85.66,Agricultural Expansion,3654,55000
Honduras,North America,Tropical,2010,3686.4,625.2,-3061.2,121.1,1066823.8,85.17,Agricultural Expansion,4546,55000
Honduras,North America,Tropical,2011,3666.0,692.3,-2973.8,52.7,1069242.6,84.83,Agricultural Expansion,4932,55000
Honduras,North America,Tropical,2012,3878.0,681.0,-3197.0,257.0,1021348.5,85.47,Agricultural Expansion,4216,55000
Honduras,North America,Tropical,2013,5052.7,1293.5,-3759.2,1743.9,1406774.0,84.0,Agricultural Expansion,9949,55000
Honduras,North America,Tropical,2014,4023.6,863.5,-3160.1,202.0,1076491.8,85.33,Fire,5263,55000
Honduras,North America,Tropical,2015,4315.1,1011.9,-3303.2,342.0,1184636.0,85.51,Agricultural Expansion,6628,55000
Honduras,North America,Tropical,2016,4229.8,933.9,-3295.9,149.3,1325626.1,82.21,Mining,6303,55000
Honduras,North America,Tropical,2017,3941.1,1145.3,-2795.8,900.8,1250598.1,85.95,Logging,6850,55000
Honduras,North America,Tropical,2018,4564.1,881.1,-3683.0,90.8,1142272.2,83.04,Logging,5405,55000
Honduras,North America,Tropical,2019,4144.8,603.9,-3540.8,124.3,1070779.9,83.76,Agricultural Expansion,8028,55000
Honduras,North America,Tropical,2020,4282.7,1024.4,-3258.3,281.4,1179814.5,81.93,Agricultural Expansion,5069,55000
Honduras,North America,Tropical,2021,5025.0,1600.5,-3424.4,1282.9,1459671.6,84.47,Urban Expansion,5515,55000
Honduras,North America,Tropical,2022,3794.2,468.4,-3325.8,282.5,1018901.9,81.63,Agricultural Expansion,4589,55000
Honduras,North America,Tropical,2023,4559.2,1491.3,-3067.8,194.4,1222333.8,83.05,Logging,6651,55000
Nicaragua,North America,Tropical,2001,1863.3,265.9,-1597.5,431.9,508394.3,88.23,Agricultural Expansion,3882,32000
Nicaragua,North America,Tropical,2002,1758.1,399.9,-1358.2,23.8,494221.1,84.47,Logging,3500,32000
Nicaragua,North America,Tropical,2003,1496.9,168.3,-1328.7,26.7,410293.5,83.86,Logging,2086,32000
Nicaragua,North America,Tropical,2004,1724.6,518.0,-1206.6,107.9,493884.6,84.05,Agricultural Expansion,3070,32000
Nicaragua,North America,Tropical,2005,2015.8,396.8,-1619.0,317.8,568923.9,86.17,Mining,2428,32000
Nicaragua,North America,Tropical,2006,1955.1,364.2,-1590.9,1045.2,566800.5,84.32,Agricultural Expansion,3313,32000
Nicaragua,North America,Tropical,2007,1748.5,545.6,-1202.9,125.8,528876.0,82.68,Fire,3763,32000
Nicaragua,North America,Tropical,2008,1833.4,188.1,-1645.3,109.0,474235.1,82.05,Agricultural Expansion,2705,32000
Nicaragua,North America,Tropical,2009,1913.9,590.7,-1323.2,44.0,488950.7,82.02,Agricultural Expansion,4131,32000
Nicaragua,North America,Tropical,2010,2200.8,465.9,-1734.9,60.0,705755.6,82.64,Urban Expansion,4137,32000
Nicaragua,North America,Tropical,2011,2378.6,723.9,-1654.6,33.0,673764.4,83.6,Agricultural Expansion,3412,32000
Nicaragua,North America,Tropical,2012,1990.8,399.4,-1591.5,144.7,546889.8,83.3,Fire,2494,32000
Nicaragua,North America,Tropical,2013,2178.2,404.1,-1774.1,148.5,588859.3,82.61,Agricultural Expansion,2775,32000
Nicaragua,North America,Tropical,2014,2747.2,613.2,-2134.0,1067.1,704121.6,81.8,Agricultural Expansion,4424,32000
Nicaragua,North America,Tropical,2015,2331.1,660.3,-1670.9,175.3,685397.5,84.12,Urban Expansion,4820,32000
Nicaragua,North America,Tropical,2016,2648.2,529.3,-2118.8,408.7,765710.4,82.19,Agricultural Expansion,4369,32000
Nicaragua,North America,Tropical,2017,2244.7,774.7,-1469.9,397.1,624233.6,81.84,Logging,2321,32000
Nicaragua,North America,Tropical,2018,3085.4,441.6,-2643.8,94.9,859931.9,81.62,Agricultural Expansion,2978,32000
Nicaragua,North America,Tropical,2019,2639.9,566.2,-2073.7,1044.3,723558.8,78.59,Agricultural Expansion,5202,32000
Nicaragua,North America,Tropical,2020,2931.7,894.7,-2037.0,101.3,887159.2,79.96,Agricultural Expansion,3435,32000
Nicaragua,North America,Tropical,2021,2691.9,593.6,-2098.2,68.6,708804.1,80.91,Agricultural Expansion,3768,32000
Nicaragua,North America,Tropical,2022,2890.0,620.7,-2269.3,1511.5,828245.3,82.43,Agricultural Expansion,4387,32000
Nicaragua,North America,Tropical,2023,2491.7,658.1,-1833.6,123.0,682415.7,79.67,Fire,2619,32000
Guatemala,North America,Tropical,2001,1426.9,477.5,-949.4,21.9,419509.7,85.91,Agricultural Expansion,2830,38000
Guatemala,North America,Tropical,2002,1650.7,319.2,-1331.5,317.5,500932.7,90.2,Agricultural Expansion,2897,38000
Guatemala,North America,Tropical,2003,1491.5,175.3,-1316.3,33.9,426914.0,87.47,Agricultural Expansion,2155,38000
Guatemala,North America,Tropical,2004,1425.0,321.5,-1103.5,109.8,407973.6,87.89,Agricultural Expansion,2449,38000
Guatemala,North America,Tropical,2005,1846.9,370.9,-1476.1,87.2,490603.8,89.55,Fire,3641,38000
Guatemala,North America,Tropical,2006,1816.8,427.1,-1389.7,73.0,499853.9,86.9,Agricultural Expansion,3629,38000
Guatemala,North America,Tropical,2007,1879.8,415.4,-1464.3,59.4,459351.0,87.78,Agricultural Expansion,2356,38000
Guatemala,North America,Tropical,2008,1853.5,522.9,-1330.7,775.6,534235.0,86.47,Urban Expansion,3555,38000
Guatemala,North America,Tropical,2009,2030.5,338.0,-1692.4,24.0,634179.3,87.66,Fire,2145,38000
Guatemala,North America,Tropical,2010,1712.8,302.8,-1410.0,67.1,498796.8,85.76,Agricultural Expansion,3227,38000
Guatemala,North America,Tropical,2011,1771.4,574.8,-1196.6,544.3,532410.1,87.86,Agricultural Expansion,2132,38000
Guatemala,North America,Tropical,2012,2164.5,717.8,-1446.7,29.3,590864.3,83.33,Agricultural Expansion,2028,38000
Guatemala,North America,Tropical,2013,2389.4,587.4,-1802.1,1111.0,664859.0,85.33,Logging,3385,38000
Guatemala,North America,Tropical,2014,2168.0,366.0,-1802.0,62.9,625868.9,86.14,Infrastructure,2093,38000
Guatemala,North America,Tropical,2015,1737.6,358.9,-1378.7,115.4,462422.6,84.02,Urban Expansion,3665,38000
Guatemala,North America,Tropical,2016,2230.1,411.1,-1818.9,35.3,585235.0,81.13,Agricultural Expansion,2976,38000
Guatemala,North America,Tropical,2017,2216.7,440.3,-1776.4,47.2,678404.9,84.75,Urban Expansion,2438,38000
Guatemala,North America,Tropical,2018,2243.1,426.8,-1816.3,129.2,597524.6,84.01,Agricultural Expansion,4051,38000
Guatemala,North America,Tropical,2019,2299.2,341.1,-1958.1,64.8,598612.3,82.97,Agricultural Expansion,2788,38000
Guatemala,North America,Tropical,2020,2685.6,720.5,-1965.1,101.5,779117.7,82.69,Agricultural Expansion,4760,38000
Guatemala,North America,Tropical,2021,2826.9,474.0,-2353.0,1546.4,841015.2,85.57,Mining,3607,38000
Guatemala,North America,Tropical,2022,3123.1,633.4,-2489.8,103.4,836671.2,82.68,Logging,6604,38000
Guatemala,North America,Tropical,2023,2704.2,736.3,-1967.9,132.3,706705.1,82.06,Urban Expansion,3323,38000
Russia,Europe/Asia,Boreal,2001,5266.1,1417.2,-3848.9,275.0,671509.1,97.0,Fire,6628,8090000
Russia,Europe/Asia,Boreal,2002,6728.1,1965.6,-4762.5,393.4,842329.3,97.0,Urban Expansion,7968,8090000
Russia,Europe/Asia,Boreal,2003,6489.6,722.0,-5767.6,219.9,796488.9,97.0,Logging,9766,8090000
Russia,Europe/Asia,Boreal,2004,6355.0,657.2,-5697.8,1610.6,766651.9,97.0,Logging,10248,8090000
Russia,Europe/Asia,Boreal,2005,5866.8,1560.3,-4306.5,79.4,661129.2,97.0,Infrastructure,9095,8090000
Russia,Europe/Asia,Boreal,2006,7622.3,894.5,-6727.9,2975.5,954912.5,97.0,Logging,8279,8090000
Russia,Europe/Asia,Boreal,2007,5896.8,1364.3,-4532.5,430.6,758961.1,97.0,Urban Expansion,12558,8090000
Russia,Europe/Asia,Boreal,2008,7503.0,1305.2,-6197.8,1941.6,941487.3,96.42,Fire,12541,8090000
Russia,Europe/Asia,Boreal,2009,7698.3,1841.0,-5857.3,149.5,843251.4,96.63,Agricultural Expansion,10951,8090000
Russia,Europe/Asia,Boreal,2010,7270.3,2051.9,-5218.4,132.9,793200.3,96.38,Agricultural Expansion,11649,8090000
Russia,Europe/Asia,Boreal,2011,7680.3,931.3,-6748.9,281.1,1100075.6,95.37,Fire,7860,8090000
Russia,Europe/Asia,Boreal,2012,6971.1,1245.9,-5725.1,1538.9,834681.7,97.0,Logging,14191,8090000
Russia,Europe/Asia,Boreal,2013,7158.3,1263.0,-5895.3,408.6,920009.4,95.59,Fire,12327,8090000
Russia,Europe/Asia,Boreal,2014,7447.3,983.7,-6463.7,436.0,958472.3,97.0,Mining,11542,8090000
Russia,Europe/Asia,Boreal,2015,8520.0,1249.5,-7270.5,2247.7,1125423.7,97.0,Logging,9841,8090000
Russia,Europe/Asia,Boreal,2016,8385.0,1101.7,-7283.3,147.3,1186141.4,95.02,Logging,8484,8090000
Russia,Europe/Asia,Boreal,2017,9250.8,1465.6,-7785.1,623.5,1287140.3,97.0,Agricultural Expansion,11360,8090000
Russia,Europe/Asia,Boreal,2018,8430.0,1491.6,-6938.3,614.2,1036031.6,96.83,Urban Expansion,11585,8090000
Russia,Europe/Asia,Boreal,2019,8171.3,1205.1,-6966.2,400.0,1129096.3,94.59,Logging,15496,8090000
Russia,Europe/Asia,Boreal,2020,8654.4,2384.5,-6269.9,495.9,1142186.7,94.09,Logging,12427,8090000
Russia,Europe/Asia,Boreal,2021,9159.0,3135.4,-6023.6,131.4,1023770.7,93.04,Logging,16078,8090000
Russia,Europe/Asia,Boreal,2022,9156.0,3199.4,-5956.5,318.9,1027359.6,94.0,Infrastructure,13177,8090000
Russia,Europe/Asia,Boreal,2023,10782.2,2269.8,-8512.5,154.2,1192630.5,94.25,Mining,23084,8090000
Canada,North America,Boreal,2001,2270.1,498.0,-1772.2,115.1,240327.4,97.0,Agricultural Expansion,3199,3470000
Canada,North America,Boreal,2002,2340.0,356.2,-1983.8,868.0,266481.3,97.0,Fire,3156,3470000
Canada,North America,Boreal,2003,2530.4,761.0,-1769.4,39.3,321967.1,97.0,Logging,3252,3470000
Canada,North America,Boreal,2004,2344.8,488.2,-1856.6,36.7,279884.1,97.0,Climate/Drought,4635,3470000
Canada,North America,Boreal,2005,2791.6,335.1,-2456.5,151.0,346512.2,97.0,Logging,5926,3470000
Canada,North America,Boreal,2006,2606.1,638.9,-1967.2,148.7,257300.1,97.0,Logging,3835,3470000
Canada,North America,Boreal,2007,2461.4,642.4,-1819.0,34.0,312746.0,97.0,Logging,2907,3470000
Canada,North America,Boreal,2008,2472.4,754.4,-1718.0,126.5,295079.9,97.0,Logging,4879,3470000
Canada,North America,Boreal,2009,3073.5,792.6,-2281.0,159.5,382304.7,97.0,Logging,5183,3470000
Canada,North America,Boreal,2010,2926.0,710.7,-2215.3,41.5,319749.1,97.0,Fire,3495,3470000
Canada,North America,Boreal,2011,3285.0,875.9,-2409.2,1073.3,383506.8,96.22,Logging,4607,3470000
Canada,North America,Boreal,2012,2865.2,653.0,-2212.1,105.4,330326.6,96.49,Mining,2809,3470000
Canada,North America,Boreal,2013,2621.8,308.8,-2312.9,130.1,318061.2,97.0,Climate/Drought,2525,3470000
Canada,North America,Boreal,2014,3090.4,807.8,-2282.6,1632.9,336150.8,95.42,Mining,3463,3470000
Canada,North America,Boreal,2015,3036.8,400.1,-2636.7,1085.4,346125.6,94.17,Unknown,5434,3470000
Canada,North America,Boreal,2016,3482.4,415.1,-3067.3,1456.2,356289.1,95.1,Fire,5014,3470000
Canada,North America,Boreal,2017,2396.3,254.0,-2142.3,53.7,318362.6,96.01,Logging,3381,3470000
Canada,North America,Boreal,2018,3199.0,463.1,-2735.9,183.7,378145.9,95.94,Logging,3181,3470000
Canada,North America,Boreal,2019,3358.4,571.4,-2787.0,217.5,404287.4,94.78,Logging,4766,3470000
Canada,North America,Boreal,2020,3553.3,516.0,-3037.3,118.7,424578.1,96.52,Urban Expansion,7044,3470000
Canada,North America,Boreal,2021,2896.3,871.9,-2024.4,41.0,328199.4,94.72,Logging,4672,3470000
Canada,North America,Boreal,2022,3757.0,1311.7,-2445.3,1578.6,372153.0,93.27,Logging,6649,3470000
Canada,North America,Boreal,2023,3216.8,710.8,-2506.0,112.7,426477.6,95.94,Agricultural Expansion,4867,3470000
United States,North America,Temperate,2001,1468.7,419.4,-1049.3,428.8,240557.2,97.0,Urban Expansion,2648,3100000
United States,North America,Temperate,2002,1836.8,444.2,-1392.6,112.9,288502.5,97.0,Agricultural Expansion,2277,3100000
United States,North America,Temperate,2003,2142.1,489.3,-1652.7,22.4,307359.7,97.0,Logging,1994,3100000
United States,North America,Temperate,2004,1697.6,418.0,-1279.6,37.7,254671.7,97.0,Fire,2742,3100000
United States,North America,Temperate,2005,2031.8,658.6,-1373.2,23.5,267952.3,97.0,Mining,3405,3100000
United States,North America,Temperate,2006,2010.4,608.2,-1402.1,125.6,324907.3,97.0,Agricultural Expansion,2511,3100000
United States,North America,Temperate,2007,1899.6,335.5,-1564.2,97.2,288002.5,97.0,Logging,1926,3100000
United States,North America,Temperate,2008,2122.2,303.4,-1818.8,53.0,322460.6,95.78,Mining,1948,3100000
United States,North America,Temperate,2009,2419.2,725.0,-1694.3,27.6,419115.6,97.0,Agricultural Expansion,3952,3100000
United States,North America,Temperate,2010,2405.9,639.4,-1766.5,181.0,402440.5,96.72,Agricultural Expansion,2888,3100000
United States,North America,Temperate,2011,2178.6,338.0,-1840.6,152.8,359583.7,95.55,Logging,4107,3100000
United States,North America,Temperate,2012,2468.1,715.8,-1752.4,95.6,410371.0,96.88,Agricultural Expansion,4730,3100000
United States,North America,Temperate,2013,2525.7,862.3,-1663.4,48.4,433945.7,97.0,Fire,2952,3100000
United States,North America,Temperate,2014,2790.2,630.9,-2159.3,111.4,486747.8,97.0,Agricultural Expansion,3981,3100000
United States,North America,Temperate,2015,2249.5,665.5,-1584.0,80.8,343842.0,94.1,Urban Expansion,2207,3100000
United States,North America,Temperate,2016,2217.3,491.2,-1726.0,60.7,379353.0,94.95,Mining,2867,3100000
United States,North America,Temperate,2017,2416.0,658.6,-1757.5,139.6,398017.1,97.0,Agricultural Expansion,3778,3100000
United States,North America,Temperate,2018,2616.4,340.1,-2276.3,173.1,414840.9,95.57,Fire,4911,3100000
United States,North America,Temperate,2019,2885.3,383.5,-2501.8,178.7,447872.2,95.57,Fire,3230,3100000
United States,North America,Temperate,2020,2620.8,297.2,-2323.6,113.4,409031.8,95.92,Agricultural Expansion,5208,3100000
United States,North America,Temperate,2021,2401.1,672.5,-1728.5,125.6,389863.3,94.86,Logging,4375,3100000
United States,North America,Temperate,2022,2934.3,370.7,-2563.5,167.2,437332.8,95.84,Mining,5407,3100000
United States,North America,Temperate,2023,2817.1,906.0,-1911.2,1506.0,421458.7,92.24,Fire,3446,3100000
China,Asia,Temperate,2001,1797.5,313.8,-1483.7,67.4,296143.6,97.0,Logging,2452,2080000
China,Asia,Temperate,2002,1765.7,371.1,-1394.6,80.1,240342.2,97.0,Logging,3111,2080000
China,Asia,Temperate,2003,1750.7,435.6,-1315.0,69.2,267914.5,97.0,Mining,3052,2080000
China,Asia,Temperate,2004,1603.0,263.2,-1339.9,73.6,214900.2,97.0,Agricultural Expansion,2161,2080000
China,Asia,Temperate,2005,1850.7,210.4,-1640.3,72.7,281303.1,97.0,Agricultural Expansion,1828,2080000
China,Asia,Temperate,2006,1987.6,412.7,-1574.9,91.2,321755.4,97.0,Agricultural Expansion,3645,2080000
China,Asia,Temperate,2007,1686.2,215.2,-1470.9,923.6,293444.1,97.0,Agricultural Expansion,2491,2080000
China,Asia,Temperate,2008,2050.7,646.7,-1404.0,21.9,375019.4,97.0,Urban Expansion,3133,2080000
China,Asia,Temperate,2009,2077.1,720.2,-1356.9,56.9,337594.6,97.0,Mining,2132,2080000
China,Asia,Temperate,2010,1925.7,195.9,-1729.8,50.9,336225.4,97.0,Mining,1734,2080000
China,Asia,Temperate,2011,2077.1,367.6,-1709.6,54.7,291135.4,97.0,Logging,2887,2080000
China,Asia,Temperate,2012,1773.4,224.7,-1548.7,25.2,282036.6,95.35,Agricultural Expansion,1974,2080000
China,Asia,Temperate,2013,2021.5,597.9,-1423.6,110.1,327542.7,97.0,Agricultural Expansion,4330,2080000
China,Asia,Temperate,2014,2479.3,352.6,-2126.7,27.1,385233.1,95.91,Logging,3147,2080000
China,Asia,Temperate,2015,2444.8,421.1,-2023.7,91.8,357839.8,96.05,Fire,2732,2080000
China,Asia,Temperate,2016,2454.6,734.2,-1720.4,135.5,338616.2,94.58,Agricultural Expansion,3413,2080000
China,Asia,Temperate,2017,2522.5,513.0,-2009.5,654.8,392789.9,95.21,Agricultural Expansion,3556,2080000
China,Asia,Temperate,2018,2448.2,845.4,-1602.8,157.3,399095.6,93.69,Agricultural Expansion,2668,2080000
China,Asia,Temperate,2019,2729.1,912.9,-1816.2,196.8,472781.1,95.43,Agricultural Expansion,3643,2080000
China,Asia,Temperate,2020,2929.3,553.6,-2375.7,151.6,421998.9,93.44,Mining,3385,2080000
China,Asia,Temperate,2021,2622.3,417.9,-2204.4,144.2,466823.4,95.35,Logging,5169,2080000
China,Asia,Temperate,2022,2717.0,815.7,-1901.3,48.1,391108.3,95.66,Infrastructure,2534,2080000
China,Asia,Temperate,2023,2499.2,681.1,-1818.2,34.7,360809.0,94.56,Logging,2511,2080000
India,Asia,Tropical,2001,1386.4,454.3,-932.0,476.3,381003.5,97.0,Agricultural Expansion,1539,720000
India,Asia,Tropical,2002,1478.4,504.8,-973.6,660.3,443033.6,97.0,Logging,2357,720000
India,Asia,Tropical,2003,1483.3,488.2,-995.1,443.2,402838.7,97.0,Urban Expansion,2757,720000
India,Asia,Tropical,2004,1580.4,394.1,-1186.4,21.3,435081.1,96.22,Agricultural Expansion,2950,720000
India,Asia,Tropical,2005,1624.4,301.4,-1323.0,66.8,479895.6,97.0,Logging,2663,720000
India,Asia,Tropical,2006,1650.9,479.7,-1171.3,56.0,499511.6,97.0,Agricultural Expansion,3189,720000
India,Asia,Tropical,2007,1767.3,504.4,-1262.9,122.2,514646.7,97.0,Agricultural Expansion,3138,720000
India,Asia,Tropical,2008,1683.7,357.9,-1325.8,58.9,433977.6,97.0,Urban Expansion,2709,720000
India,Asia,Tropical,2009,1711.3,491.4,-1219.9,43.0,447945.2,95.91,Climate/Drought,3537,720000
India,Asia,Tropical,2010,1391.1,321.7,-1069.4,38.5,361257.2,96.54,Agricultural Expansion,1253,720000
India,Asia,Tropical,2011,2067.4,640.4,-1427.0,42.8,530751.9,97.0,Fire,3929,720000
India,Asia,Tropical,2012,2098.1,721.4,-1376.6,71.2,563958.7,96.45,Infrastructure,2213,720000
India,Asia,Tropical,2013,2217.3,552.8,-1664.4,95.7,596949.0,96.99,Mining,2249,720000
India,Asia,Tropical,2014,1983.9,583.7,-1400.2,45.1,508516.0,95.42,Fire,3166,720000
India,Asia,Tropical,2015,1859.9,284.5,-1575.5,518.6,539756.2,95.96,Logging,2726,720000
India,Asia,Tropical,2016,2341.0,791.9,-1549.1,175.8,577952.2,95.45,Agricultural Expansion,4316,720000
India,Asia,Tropical,2017,2116.7,493.4,-1623.2,110.2,563430.3,96.72,Agricultural Expansion,4573,720000
India,Asia,Tropical,2018,1907.5,537.7,-1369.8,120.8,486451.4,95.17,Fire,3262,720000
India,Asia,Tropical,2019,2231.8,518.1,-1713.7,798.4,734340.7,93.84,Agricultural Expansion,2255,720000
India,Asia,Tropical,2020,2453.0,512.8,-1940.2,99.7,708168.1,92.18,Agricultural Expansion,5182,720000
India,Asia,Tropical,2021,2381.5,433.4,-1948.2,29.9,705104.4,94.69,Logging,2180,720000
India,Asia,Tropical,2022,2369.9,564.5,-1805.4,104.2,774612.7,94.17,Agricultural Expansion,3622,720000
India,Asia,Tropical,2023,2284.0,289.0,-1995.0,61.2,633855.5,95.36,Agricultural Expansion,2239,720000
Australia,Oceania,Temperate,2001,1133.0,147.1,-985.9,193.9,180274.8,97.0,Mining,1406,1340000
Australia,Oceania,Temperate,2002,1104.7,234.5,-870.2,55.2,175666.3,97.0,Agricultural Expansion,1521,1340000
Australia,Oceania,Temperate,2003,1162.1,145.1,-1017.0,90.2,206749.7,97.0,Agricultural Expansion,1998,1340000
Australia,Oceania,Temperate,2004,1093.4,316.5,-776.9,35.3,140177.2,97.0,Infrastructure,2281,1340000
Australia,Oceania,Temperate,2005,1183.4,298.9,-884.5,32.5,201702.3,97.0,Fire,1856,1340000
Australia,Oceania,Temperate,2006,1292.6,324.2,-968.4,547.1,212514.4,96.64,Climate/Drought,2140,1340000
Australia,Oceania,Temperate,2007,1369.2,399.3,-970.0,98.0,230579.4,97.0,Fire,1466,1340000
Australia,Oceania,Temperate,2008,1240.3,405.8,-834.5,71.1,189659.8,97.0,Agricultural Expansion,1880,1340000
Australia,Oceania,Temperate,2009,1312.6,205.4,-1107.3,16.8,204685.6,94.7,Agricultural Expansion,2861,1340000
Australia,Oceania,Temperate,2010,1391.3,209.9,-1181.3,55.4,217839.7,97.0,Fire,2853,1340000
Australia,Oceania,Temperate,2011,1449.5,176.4,-1273.1,107.2,250422.8,96.15,Agricultural Expansion,3067,1340000
Australia,Oceania,Temperate,2012,1351.3,452.1,-899.2,44.9,237707.2,97.0,Urban Expansion,2513,1340000
Australia,Oceania,Temperate,2013,1461.8,169.5,-1292.3,43.6,255999.8,97.0,Unknown,2032,1340000
Australia,Oceania,Temperate,2014,1541.9,489.4,-1052.6,117.7,270139.0,97.0,Agricultural Expansion,2177,1340000
Australia,Oceania,Temperate,2015,1497.8,377.5,-1120.2,92.8,235568.8,93.34,Agricultural Expansion,2038,1340000
Australia,Oceania,Temperate,2016,1558.5,383.1,-1175.4,32.1,246958.8,94.31,Fire,2823,1340000
Australia,Oceania,Temperate,2017,1999.4,405.2,-1594.2,21.0,343875.7,96.64,Agricultural Expansion,2756,1340000
Australia,Oceania,Temperate,2018,1720.2,387.9,-1332.3,103.6,281748.7,95.32,Fire,2569,1340000
Australia,Oceania,Temperate,2019,1820.2,398.2,-1422.0,141.4,280741.4,94.9,Mining,2775,1340000
Australia,Oceania,Temperate,2020,1816.0,371.0,-1445.0,44.1,275371.3,93.58,Mining,3928,1340000
Australia,Oceania,Temperate,2021,1851.3,422.4,-1428.9,79.3,287230.3,95.07,Agricultural Expansion,1976,1340000
Australia,Oceania,Temperate,2022,2055.7,447.9,-1607.7,44.5,312517.8,93.65,Agricultural Expansion,4490,1340000
Australia,Oceania,Temperate,2023,2000.1,442.6,-1557.5,144.8,360643.9,93.2,Unknown,1930,1340000
Argentina,South America,Subtropical,2001,1235.1,180.4,-1054.7,196.1,264014.5,97.0,Urban Expansion,2084,940000
Argentina,South America,Subtropical,2002,1254.6,259.8,-994.8,581.4,248107.4,97.0,Logging,1907,940000
Argentina,South America,Subtropical,2003,1583.5,512.2,-1071.3,84.0,311037.5,97.0,Infrastructure,2357,940000
Argentina,South America,Subtropical,2004,1580.4,268.1,-1312.2,31.6,279636.5,97.0,Agricultural Expansion,2254,940000
Argentina,South America,Subtropical,2005,1417.0,196.4,-1220.6,64.8,286360.4,97.0,Agricultural Expansion,1833,940000
Argentina,South America,Subtropical,2006,1541.1,526.5,-1014.6,51.5,326491.6,97.0,Agricultural Expansion,3011,940000
Argentina,South America,Subtropical,2007,1572.6,258.5,-1314.1,92.0,315066.9,97.0,Urban Expansion,2244,940000
Argentina,South America,Subtropical,2008,2047.7,291.4,-1756.3,142.8,481536.7,97.0,Agricultural Expansion,3290,940000
Argentina,South America,Subtropical,2009,1735.9,603.3,-1132.5,62.4,394127.7,96.37,Urban Expansion,2345,940000
Argentina,South America,Subtropical,2010,1554.7,323.3,-1231.4,68.2,318675.7,97.0,Agricultural Expansion,3036,940000
Argentina,South America,Subtropical,2011,1659.3,375.2,-1284.1,17.6,315108.2,92.86,Fire,3579,940000
Argentina,South America,Subtropical,2012,1947.2,472.8,-1474.4,38.5,418249.7,96.33,Fire,3569,940000
Argentina,South America,Subtropical,2013,1738.8,372.9,-1365.8,122.9,341967.4,94.94,Agricultural Expansion,3589,940000
Argentina,South America,Subtropical,2014,1684.2,575.4,-1108.8,54.7,382834.1,95.92,Agricultural Expansion,3128,940000
Argentina,South America,Subtropical,2015,1657.3,296.5,-1360.8,53.8,303120.6,93.76,Agricultural Expansion,2733,940000
Argentina,South America,Subtropical,2016,1582.7,547.4,-1035.4,668.7,333382.0,96.93,Agricultural Expansion,2817,940000
Argentina,South America,Subtropical,2017,2082.0,593.1,-1488.8,1013.2,397225.4,94.68,Agricultural Expansion,2462,940000
Argentina,South America,Subtropical,2018,2347.4,313.3,-2034.2,35.4,450869.7,93.25,Fire,3775,940000
Argentina,South America,Subtropical,2019,2056.0,328.3,-1727.7,646.5,391616.1,93.64,Urban Expansion,2895,940000
Argentina,South America,Subtropical,2020,1910.0,657.3,-1252.8,126.1,351596.5,93.02,Logging,3650,940000
Argentina,South America,Subtropical,2021,2245.8,426.5,-1819.3,71.6,452490.8,91.78,Agricultural Expansion,4045,940000
Argentina,South America,Subtropical,2022,2058.4,600.1,-1458.2,137.5,398258.8,91.45,Urban Expansion,3706,940000
Argentina,South America,Subtropical,2023,2559.0,841.3,-1717.7,1153.4,569267.3,93.1,Fire,3413,940000
Chile,South America,Temperate,2001,388.4,125.2,-263.2,21.1,59295.1,97.0,Agricultural Expansion,597,180000
Chile,South America,Temperate,2002,440.7,99.6,-341.1,12.4,67747.2,97.0,Logging,457,180000
Chile,South America,Temperate,2003,537.1,157.9,-379.2,34.2,87783.3,95.81,Mining,886,180000
Chile,South America,Temperate,2004,485.2,112.6,-372.5,196.8,89026.6,94.46,Agricultural Expansion,780,180000
Chile,South America,Temperate,2005,501.7,66.9,-434.8,32.9,66947.3,97.0,Agricultural Expansion,875,180000
Chile,South America,Temperate,2006,554.0,142.1,-411.9,108.0,89733.7,95.32,Agricultural Expansion,685,180000
Chile,South America,Temperate,2007,537.5,105.5,-432.0,28.3,89103.3,96.78,Agricultural Expansion,998,180000
Chile,South America,Temperate,2008,623.2,115.4,-507.7,17.7,90235.1,96.84,Agricultural Expansion,1238,180000
Chile,South America,Temperate,2009,645.2,221.7,-423.5,9.4,106761.5,96.58,Fire,688,180000
Chile,South America,Temperate,2010,596.8,65.6,-531.2,40.5,101154.2,94.25,Urban Expansion,868,180000
Chile,South America,Temperate,2011,615.4,133.7,-481.7,33.8,100263.5,92.46,Agricultural Expansion,1331,180000
Chile,South America,Temperate,2012,611.6,115.5,-496.2,34.5,82666.1,93.47,Urban Expansion,650,180000
Chile,South America,Temperate,2013,575.1,151.8,-423.4,223.8,80550.0,91.62,Agricultural Expansion,1019,180000
Chile,South America,Temperate,2014,626.7,128.7,-498.0,44.7,105151.9,92.42,Agricultural Expansion,647,180000
Chile,South America,Temperate,2015,693.2,227.2,-466.0,43.8,95880.5,92.88,Logging,706,180000
Chile,South America,Temperate,2016,726.2,106.5,-619.7,16.6,128357.4,94.93,Agricultural Expansion,670,180000
Chile,South America,Temperate,2017,728.6,81.8,-646.8,49.1,107129.7,91.7,Fire,915,180000
Chile,South America,Temperate,2018,808.2,230.7,-577.5,19.7,146049.5,94.07,Logging,1738,180000
Chile,South America,Temperate,2019,767.9,197.4,-570.5,13.4,125636.5,94.34,Fire,1471,180000
Chile,South America,Temperate,2020,815.4,93.0,-722.4,56.7,135158.8,90.87,Agricultural Expansion,1749,180000
Chile,South America,Temperate,2021,847.3,91.8,-755.5,18.3,127553.7,92.96,Agricultural Expansion,1307,180000
Chile,South America,Temperate,2022,814.2,183.3,-630.9,16.5,124996.4,91.34,Fire,1456,180000
Chile,South America,Temperate,2023,759.5,188.7,-570.8,24.0,103067.6,90.36,Unknown,972,180000
Sweden,Europe,Boreal,2001,351.1,57.3,-293.9,10.0,36365.9,97.0,Infrastructure,729,280000
Sweden,Europe,Boreal,2002,308.4,50.0,-258.4,12.9,37399.9,97.0,Logging,353,280000
Sweden,Europe,Boreal,2003,323.6,50.0,-273.6,103.3,38076.9,96.89,Urban Expansion,332,280000
Sweden,Europe,Boreal,2004,372.5,52.8,-319.7,25.1,48911.6,96.5,Logging,663,280000
Sweden,Europe,Boreal,2005,401.0,66.8,-334.2,133.2,53063.9,97.0,Infrastructure,877,280000
Sweden,Europe,Boreal,2006,383.0,54.0,-329.1,21.9,42455.5,97.0,Urban Expansion,398,280000
Sweden,Europe,Boreal,2007,388.5,76.0,-312.5,15.6,46904.8,97.0,Logging,822,280000
Sweden,Europe,Boreal,2008,363.3,121.8,-241.5,25.9,40888.2,97.0,Agricultural Expansion,453,280000
Sweden,Europe,Boreal,2009,413.2,115.8,-297.4,24.9,52089.1,97.0,Agricultural Expansion,450,280000
Sweden,Europe,Boreal,2010,354.9,108.5,-246.4,19.8,47442.6,94.59,Agricultural Expansion,327,280000
Sweden,Europe,Boreal,2011,413.7,126.1,-287.5,10.3,51147.8,96.53,Logging,864,280000
Sweden,Europe,Boreal,2012,437.5,98.7,-338.7,8.5,50636.6,95.0,Agricultural Expansion,548,280000
Sweden,Europe,Boreal,2013,424.3,51.8,-372.5,33.4,55065.4,94.34,Fire,925,280000
Sweden,Europe,Boreal,2014,440.7,134.5,-306.2,6.6,55575.4,95.68,Logging,879,280000
Sweden,Europe,Boreal,2015,546.9,154.7,-392.1,19.3,63508.6,95.03,Fire,872,280000
Sweden,Europe,Boreal,2016,445.5,155.5,-290.0,29.9,58606.2,94.64,Fire,914,280000
Sweden,Europe,Boreal,2017,568.4,146.4,-422.0,11.4,61157.6,93.89,Agricultural Expansion,1055,280000
Sweden,Europe,Boreal,2018,461.5,83.1,-378.5,9.9,54356.1,95.76,Urban Expansion,501,280000
Sweden,Europe,Boreal,2019,445.7,102.3,-343.4,142.2,61991.6,96.27,Urban Expansion,536,280000
Sweden,Europe,Boreal,2020,493.7,149.7,-344.0,12.2,61896.4,92.44,Mining,711,280000
Sweden,Europe,Boreal,2021,556.5,148.8,-407.7,24.6,64929.6,92.01,Logging,1221,280000
Sweden,Europe,Boreal,2022,605.4,133.2,-472.2,30.0,81542.4,93.05,Fire,932,280000
Sweden,Europe,Boreal,2023,536.4,86.6,-449.8,18.0,58173.2,95.92,Climate/Drought,861,280000
Finland,Europe,Boreal,2001,242.0,50.0,-192.0,96.6,32055.9,97.0,Logging,269,220000
Finland,Europe,Boreal,2002,253.4,70.3,-183.1,11.7,30073.6,97.0,Agricultural Expansion,264,220000
Finland,Europe,Boreal,2003,203.9,69.6,-134.2,11.3,25871.2,97.0,Urban Expansion,361,220000
Finland,Europe,Boreal,2004,272.4,50.0,-222.4,7.5,33257.7,97.0,Unknown,487,220000
Finland,Europe,Boreal,2005,239.9,50.0,-189.9,7.1,25876.5,97.0,Agricultural Expansion,490,220000
Finland,Europe,Boreal,2006,262.9,50.0,-212.9,111.0,32083.7,97.0,Mining,506,220000
Finland,Europe,Boreal,2007,266.9,67.8,-199.1,106.5,29796.7,95.42,Urban Expansion,521,220000
Finland,Europe,Boreal,2008,295.5,59.6,-236.0,13.0,35146.0,96.17,Infrastructure,575,220000
Finland,Europe,Boreal,2009,303.6,94.9,-208.7,23.3,42517.0,97.0,Fire,279,220000
Finland,Europe,Boreal,2010,315.0,83.9,-231.0,3.4,38092.7,96.31,Logging,313,220000
Finland,Europe,Boreal,2011,205.5,55.7,-149.8,13.1,22608.3,96.09,Fire,231,220000
Finland,Europe,Boreal,2012,317.0,50.0,-267.0,14.7,40594.8,94.27,Agricultural Expansion,616,220000
Finland,Europe,Boreal,2013,337.3,102.7,-234.6,15.2,45028.0,95.31,Agricultural Expansion,543,220000
Finland,Europe,Boreal,2014,294.4,60.2,-234.2,20.6,35570.7,95.12,Agricultural Expansion,599,220000
Finland,Europe,Boreal,2015,316.2,50.0,-266.2,5.4,33962.2,96.69,Urban Expansion,380,220000
Finland,Europe,Boreal,2016,294.0,81.8,-212.1,5.5,36927.2,93.71,Mining,427,220000
Finland,Europe,Boreal,2017,352.5,50.0,-302.5,22.2,42341.9,93.48,Mining,746,220000
Finland,Europe,Boreal,2018,373.7,87.4,-286.3,25.9,44907.3,93.09,Logging,747,220000
Finland,Europe,Boreal,2019,244.4,75.3,-169.1,8.1,34987.9,93.79,Logging,472,220000
Finland,Europe,Boreal,2020,289.0,50.0,-239.0,22.1,34267.8,93.72,Logging,375,220000
Finland,Europe,Boreal,2021,325.5,50.0,-275.5,15.7,33449.8,94.54,Logging,701,220000
Finland,Europe,Boreal,2022,326.7,52.6,-274.2,20.6,37264.4,95.12,Logging,437,220000
Finland,Europe,Boreal,2023,370.7,89.3,-281.3,23.0,45435.1,92.86,Logging,681,220000
Norway,Europe,Boreal,2001,235.9,50.0,-185.9,17.9,25679.0,97.0,Unknown,379,120000
Norway,Europe,Boreal,2002,239.2,50.0,-189.2,13.4,27938.7,97.0,Agricultural Expansion,216,120000
Norway,Europe,Boreal,2003,252.7,50.0,-202.7,7.6,33482.8,97.0,Logging,252,120000
Norway,Europe,Boreal,2004,300.2,50.0,-250.2,94.3,36499.8,97.0,Urban Expansion,452,120000
Norway,Europe,Boreal,2005,244.6,78.0,-166.6,5.3,28758.4,97.0,Logging,520,120000
Norway,Europe,Boreal,2006,267.1,65.4,-201.7,3.6,30536.0,97.0,Mining,294,120000
Norway,Europe,Boreal,2007,251.6,50.0,-201.6,11.1,28437.2,95.82,Logging,499,120000
Norway,Europe,Boreal,2008,292.7,66.7,-226.0,14.4,34012.9,95.62,Logging,489,120000
Norway,Europe,Boreal,2009,286.4,98.1,-188.3,134.9,33800.4,95.07,Urban Expansion,312,120000
Norway,Europe,Boreal,2010,290.6,79.7,-210.9,18.8,35290.6,96.18,Agricultural Expansion,353,120000
Norway,Europe,Boreal,2011,297.4,50.0,-247.4,11.4,36932.8,94.63,Infrastructure,634,120000
Norway,Europe,Boreal,2012,326.0,53.7,-272.4,12.4,39110.5,94.42,Agricultural Expansion,463,120000
Norway,Europe,Boreal,2013,364.7,109.7,-255.0,13.0,41734.8,95.42,Logging,663,120000
Norway,Europe,Boreal,2014,317.9,50.0,-267.9,5.5,35758.8,95.07,Unknown,608,120000
Norway,Europe,Boreal,2015,385.4,126.4,-259.1,8.6,40227.4,94.96,Logging,672,120000
Norway,Europe,Boreal,2016,382.3,121.1,-261.2,28.4,46194.9,93.13,Urban Expansion,720,120000
Norway,Europe,Boreal,2017,314.5,94.2,-220.4,5.0,38706.5,93.36,Logging,290,120000
Norway,Europe,Boreal,2018,325.8,65.2,-260.6,17.4,41752.1,94.27,Logging,344,120000
Norway,Europe,Boreal,2019,362.9,124.7,-238.2,16.4,44123.2,93.11,Unknown,627,120000
Norway,Europe,Boreal,2020,354.7,66.5,-288.2,5.2,49135.2,94.65,Fire,437,120000
Norway,Europe,Boreal,2021,423.9,63.0,-360.8,20.9,49427.0,91.86,Urban Expansion,694,120000
Norway,Europe,Boreal,2022,418.1,132.5,-285.6,32.5,46192.9,92.53,Logging,893,120000
Norway,Europe,Boreal,2023,431.3,138.1,-293.1,6.8,50330.5,93.7,Urban Expansion,636,120000
Germany,Europe,Temperate,2001,141.5,50.0,-91.5,5.8,20303.2,96.84,Logging,276,114000
Germany,Europe,Temperate,2002,162.8,50.0,-112.8,4.8,21998.0,97.0,Climate/Drought,283,114000
Germany,Europe,Temperate,2003,187.8,50.0,-137.8,8.6,25637.8,97.0,Agricultural Expansion,216,114000
Germany,Europe,Temperate,2004,164.3,50.0,-114.3,27.1,27326.6,97.0,Urban Expansion,199,114000
Germany,Europe,Temperate,2005,224.1,64.1,-160.0,5.2,31354.4,97.0,Agricultural Expansion,389,114000
Germany,Europe,Temperate,2006,194.1,50.0,-144.1,50.4,32115.9,97.0,Unknown,176,114000
Germany,Europe,Temperate,2007,193.7,50.0,-143.7,73.1,26420.5,97.0,Climate/Drought,343,114000
Germany,Europe,Temperate,2008,184.1,50.0,-134.1,7.7,27940.5,95.5,Fire,286,114000
Germany,Europe,Temperate,2009,181.6,55.8,-125.7,6.1,30536.1,97.0,Climate/Drought,373,114000
Germany,Europe,Temperate,2010,208.6,50.0,-158.6,8.8,38970.5,97.0,Fire,263,114000
Germany,Europe,Temperate,2011,207.1,50.0,-157.1,65.3,35049.7,97.0,Unknown,261,114000
Germany,Europe,Temperate,2012,161.8,50.0,-111.8,9.4,25850.0,96.15,Infrastructure,158,114000
Germany,Europe,Temperate,2013,203.2,65.5,-137.8,6.5,34134.0,95.51,Agricultural Expansion,275,114000
Germany,Europe,Temperate,2014,207.1,50.0,-157.1,7.7,35571.4,95.28,Infrastructure,452,114000
Germany,Europe,Temperate,2015,253.5,54.8,-198.7,64.6,37215.9,94.72,Climate/Drought,480,114000
Germany,Europe,Temperate,2016,236.8,66.4,-170.4,17.0,33757.2,95.14,Logging,383,114000
Germany,Europe,Temperate,2017,261.6,50.0,-211.6,12.3,44656.5,97.0,Climate/Drought,400,114000
Germany,Europe,Temperate,2018,234.6,72.8,-161.8,9.4,35664.1,92.57,Agricultural Expansion,223,114000
Germany,Europe,Temperate,2019,277.9,51.9,-225.9,16.1,42070.8,94.07,Climate/Drought,526,114000
Germany,Europe,Temperate,2020,267.1,69.9,-197.1,16.0,44230.5,92.5,Infrastructure,423,114000
Germany,Europe,Temperate,2021,248.0,50.0,-198.0,10.9,39574.9,91.8,Climate/Drought,346,114000
Germany,Europe,Temperate,2022,293.8,73.7,-220.0,11.4,45061.6,92.93,Agricultural Expansion,349,114000
Germany,Europe,Temperate,2023,254.6,75.1,-179.5,4.0,39956.9,92.97,Agricultural Expansion,496,114000
France,Europe,Temperate,2001,222.6,65.8,-156.8,14.7,35966.5,97.0,Logging,410,170000
France,Europe,Temperate,2002,226.9,78.3,-148.6,5.9,37910.3,97.0,Agricultural Expansion,223,170000
France,Europe,Temperate,2003,234.4,72.8,-161.6,17.1,40282.7,97.0,Infrastructure,481,170000
France,Europe,Temperate,2004,222.4,50.0,-172.4,5.2,35479.1,95.92,Agricultural Expansion,361,170000
France,Europe,Temperate,2005,228.9,50.0,-178.9,10.7,36654.1,96.72,Fire,221,170000
France,Europe,Temperate,2006,303.8,87.7,-216.1,8.1,45235.0,96.87,Fire,334,170000
France,Europe,Temperate,2007,311.1,74.7,-236.4,12.3,46288.6,97.0,Fire,389,170000
France,Europe,Temperate,2008,287.2,55.3,-231.9,20.6,46765.5,96.28,Logging,434,170000
France,Europe,Temperate,2009,281.4,50.0,-231.4,19.6,49566.1,96.08,Urban Expansion,345,170000
France,Europe,Temperate,2010,284.9,94.1,-190.8,13.5,40132.2,97.0,Mining,450,170000
France,Europe,Temperate,2011,324.3,57.4,-266.9,20.6,52112.6,95.27,Agricultural Expansion,448,170000
France,Europe,Temperate,2012,329.5,74.3,-255.2,5.9,51221.5,92.97,Logging,647,170000
France,Europe,Temperate,2013,330.9,90.4,-240.5,19.5,51185.1,96.26,Logging,523,170000
France,Europe,Temperate,2014,295.8,76.9,-219.0,21.7,44695.9,95.73,Logging,557,170000
France,Europe,Temperate,2015,330.3,106.9,-223.4,12.8,58239.9,95.65,Infrastructure,666,170000
France,Europe,Temperate,2016,360.8,50.0,-310.8,11.7,55515.1,94.22,Logging,442,170000
France,Europe,Temperate,2017,317.4,55.2,-262.2,13.0,49363.1,95.33,Agricultural Expansion,597,170000
France,Europe,Temperate,2018,363.0,66.4,-296.6,7.5,56605.5,93.49,Mining,442,170000
France,Europe,Temperate,2019,373.0,60.9,-312.1,17.5,63725.9,94.9,Fire,485,170000
France,Europe,Temperate,2020,353.4,96.7,-256.7,105.7,58953.4,91.53,Agricultural Expansion,681,170000
France,Europe,Temperate,2021,399.8,120.3,-279.5,24.7,59129.3,95.12,Fire,512,170000
France,Europe,Temperate,2022,361.6,87.8,-273.8,13.2,56297.4,91.29,Mining,762,170000
France,Europe,Temperate,2023,467.1,152.2,-314.9,113.4,77678.7,93.62,Urban Expansion,672,170000
Nigeria,Africa,Tropical,2001,2698.7,565.2,-2133.4,719.1,741218.3,90.7,Logging,2743,120000
Nigeria,Africa,Tropical,2002,2535.0,862.9,-1672.1,106.9,696852.8,88.74,Agricultural Expansion,2811,120000
Nigeria,Africa,Tropical,2003,2946.4,709.5,-2236.9,30.3,887592.6,88.97,Logging,6461,120000
Nigeria,Africa,Tropical,2004,2728.6,950.1,-1778.5,82.2,775645.6,87.82,Logging,2460,120000
Nigeria,Africa,Tropical,2005,2884.3,612.6,-2271.7,144.4,763977.7,87.62,Agricultural Expansion,3665,120000
Nigeria,Africa,Tropical,2006,2936.4,376.5,-2559.9,160.1,866544.9,85.93,Agricultural Expansion,5455,120000
Nigeria,Africa,Tropical,2007,2948.8,629.1,-2319.7,40.8,809788.0,85.08,Logging,3865,120000
Nigeria,Africa,Tropical,2008,3403.2,1139.0,-2264.2,236.7,977943.7,86.82,Logging,4825,120000
Nigeria,Africa,Tropical,2009,3582.9,642.2,-2940.8,107.5,999972.1,87.36,Agricultural Expansion,5678,120000
Nigeria,Africa,Tropical,2010,3306.7,688.8,-2617.9,204.2,828828.8,85.48,Agricultural Expansion,6303,120000
Nigeria,Africa,Tropical,2011,3064.4,346.3,-2718.1,1434.8,792187.5,86.64,Agricultural Expansion,6472,120000
Nigeria,Africa,Tropical,2012,3687.9,813.4,-2874.5,288.6,1086068.8,87.2,Climate/Drought,4264,120000
Nigeria,Africa,Tropical,2013,3415.9,524.0,-2892.0,131.0,1012860.0,86.25,Infrastructure,3769,120000
Nigeria,Africa,Tropical,2014,4199.5,587.3,-3612.2,310.9,1051374.3,84.37,Agricultural Expansion,7049,120000
Nigeria,Africa,Tropical,2015,2958.2,348.9,-2609.4,1546.0,834268.9,85.9,Agricultural Expansion,3919,120000
Nigeria,Africa,Tropical,2016,3318.9,1086.6,-2232.3,49.9,981533.6,83.2,Infrastructure,4681,120000
Nigeria,Africa,Tropical,2017,4069.3,589.7,-3479.6,313.6,1071481.3,85.23,Fire,5462,120000
Nigeria,Africa,Tropical,2018,3945.9,584.8,-3361.1,1805.3,1191351.2,84.12,Agricultural Expansion,5201,120000
Nigeria,Africa,Tropical,2019,4375.8,946.8,-3429.0,329.2,1176301.2,83.3,Agricultural Expansion,6839,120000
Nigeria,Africa,Tropical,2020,4581.3,1523.3,-3058.0,203.5,1274575.7,83.54,Infrastructure,5491,120000
Nigeria,Africa,Tropical,2021,3516.8,527.1,-2989.7,1432.6,1032124.7,83.48,Mining,5373,120000
Nigeria,Africa,Tropical,2022,4506.4,676.6,-3829.8,1202.1,1256483.8,84.88,Agricultural Expansion,7660,120000
Nigeria,Africa,Tropical,2023,4341.1,881.2,-3459.9,58.1,1242743.3,82.03,Fire,4130,120000
Ghana,Africa,Tropical,2001,2328.6,604.4,-1724.3,436.4,698007.4,85.68,Agricultural Expansion,4415,59000
Ghana,Africa,Tropical,2002,2061.1,462.7,-1598.4,978.6,592824.9,88.8,Agricultural Expansion,3372,59000
Ghana,Africa,Tropical,2003,2066.1,324.7,-1741.3,23.6,594108.9,84.42,Urban Expansion,1878,59000
Ghana,Africa,Tropical,2004,1956.5,596.4,-1360.0,93.6,593224.4,88.55,Climate/Drought,3112,59000
Ghana,Africa,Tropical,2005,2432.7,633.8,-1798.9,488.0,675594.6,88.75,Mining,3678,59000
Ghana,Africa,Tropical,2006,2087.7,312.6,-1775.1,29.7,633996.9,84.11,Logging,3910,59000
Ghana,Africa,Tropical,2007,2563.7,281.3,-2282.5,934.9,748940.0,86.91,Infrastructure,3317,59000
Ghana,Africa,Tropical,2008,2575.5,534.1,-2041.4,54.1,681410.5,85.37,Agricultural Expansion,5426,59000
Ghana,Africa,Tropical,2009,3029.2,993.3,-2036.0,1207.5,899174.6,86.59,Agricultural Expansion,5745,59000
Ghana,Africa,Tropical,2010,2521.6,473.2,-2048.4,119.4,673022.0,84.87,Urban Expansion,3186,59000
Ghana,Africa,Tropical,2011,2700.8,854.6,-1846.3,490.0,682671.8,85.96,Agricultural Expansion,5298,59000
Ghana,Africa,Tropical,2012,3206.4,1089.9,-2116.6,167.6,861501.0,85.3,Unknown,4484,59000
Ghana,Africa,Tropical,2013,2948.4,504.4,-2444.0,150.6,772452.8,84.45,Logging,4373,59000
Ghana,Africa,Tropical,2014,3098.9,726.5,-2372.5,201.1,967328.7,83.39,Agricultural Expansion,6546,59000
Ghana,Africa,Tropical,2015,3380.9,355.3,-3025.6,1165.8,897641.9,85.48,Mining,5169,59000
Ghana,Africa,Tropical,2016,3031.3,674.8,-2356.5,1427.9,872426.9,84.01,Infrastructure,6445,59000
Ghana,Africa,Tropical,2017,3702.5,1090.9,-2611.6,1445.4,1053421.6,82.6,Agricultural Expansion,4212,59000
Ghana,Africa,Tropical,2018,3142.2,601.0,-2541.2,168.5,880254.4,82.85,Agricultural Expansion,5172,59000
Ghana,Africa,Tropical,2019,3478.8,990.0,-2488.8,1586.5,1112897.1,86.19,Agricultural Expansion,3213,59000
Ghana,Africa,Tropical,2020,3196.8,842.4,-2354.4,101.3,909165.4,83.91,Agricultural Expansion,4359,59000
Ghana,Africa,Tropical,2021,3724.7,413.1,-3311.6,1884.3,1066274.8,81.33,Agricultural Expansion,3676,59000
Ghana,Africa,Tropical,2022,3635.3,389.2,-3246.2,1827.1,1133303.4,82.07,Infrastructure,5200,59000
Ghana,Africa,Tropical,2023,3492.5,1142.1,-2350.3,51.0,883119.5,83.59,Fire,3699,59000
Cameroon,Africa,Tropical,2001,3364.1,1076.0,-2288.0,147.1,930832.2,94.17,Agricultural Expansion,7160,200000
Cameroon,Africa,Tropical,2002,3308.0,886.0,-2422.0,1139.9,810871.6,94.71,Fire,5854,200000
Cameroon,Africa,Tropical,2003,3856.4,507.4,-3349.0,74.4,1023830.8,95.1,Infrastructure,7080,200000
Cameroon,Africa,Tropical,2004,3341.0,704.1,-2636.8,213.5,981767.0,94.76,Agricultural Expansion,5258,200000
Cameroon,Africa,Tropical,2005,3519.6,758.3,-2761.3,1345.8,943568.2,95.44,Fire,6367,200000
Cameroon,Africa,Tropical,2006,3764.3,1185.5,-2578.8,106.8,1060115.8,94.52,Agricultural Expansion,5239,200000
Cameroon,Africa,Tropical,2007,3917.8,1126.1,-2791.7,1333.7,1097562.2,91.29,Agricultural Expansion,5612,200000
Cameroon,Africa,Tropical,2008,4319.1,678.2,-3640.9,222.3,1270019.3,95.81,Agricultural Expansion,7030,200000
Cameroon,Africa,Tropical,2009,4161.5,922.2,-3239.3,93.0,1179866.0,94.18,Agricultural Expansion,7890,200000
Cameroon,Africa,Tropical,2010,3842.1,882.1,-2960.0,2011.7,1050050.8,91.64,Agricultural Expansion,5371,200000
Cameroon,Africa,Tropical,2011,3699.7,1105.0,-2594.7,81.2,1040875.9,89.97,Agricultural Expansion,6271,200000
Cameroon,Africa,Tropical,2012,5215.0,1744.0,-3471.0,397.5,1513769.4,91.33,Agricultural Expansion,10761,200000
Cameroon,Africa,Tropical,2013,4217.1,1446.5,-2770.6,74.6,1172117.1,92.3,Agricultural Expansion,6220,200000
Cameroon,Africa,Tropical,2014,4687.4,865.5,-3821.9,248.1,1257001.6,90.38,Mining,9212,200000
Cameroon,Africa,Tropical,2015,5668.3,1850.1,-3818.2,2056.3,1682308.0,91.54,Agricultural Expansion,11087,200000
Cameroon,Africa,Tropical,2016,5086.6,916.4,-4170.2,68.9,1398157.1,90.29,Agricultural Expansion,6272,200000
Cameroon,Africa,Tropical,2017,5827.0,860.1,-4966.9,58.4,1580392.5,89.1,Logging,7933,200000
Cameroon,Africa,Tropical,2018,5143.4,1339.3,-3804.1,1656.5,1434862.2,89.62,Mining,9699,200000
Cameroon,Africa,Tropical,2019,5032.5,1265.7,-3766.8,69.2,1442464.0,88.87,Agricultural Expansion,7826,200000
Cameroon,Africa,Tropical,2020,4347.3,1465.5,-2881.8,263.3,1248479.4,89.79,Agricultural Expansion,4820,200000
Cameroon,Africa,Tropical,2021,4859.3,1674.4,-3185.0,1676.4,1493097.4,87.94,Agricultural Expansion,7091,200000
Cameroon,Africa,Tropical,2022,5801.8,639.0,-5162.8,396.3,1586815.3,89.35,Agricultural Expansion,7509,200000
Cameroon,Africa,Tropical,2023,5881.2,1121.2,-4760.0,3209.6,1659092.6,88.68,Logging,12548,200000
Gabon,Africa,Tropical,2001,1109.5,305.9,-803.6,252.4,372268.2,96.52,Agricultural Expansion,1825,230000
Gabon,Africa,Tropical,2002,1436.8,221.0,-1215.8,109.1,340785.6,97.0,Agricultural Expansion,1386,230000
Gabon,Africa,Tropical,2003,1515.0,353.6,-1161.4,57.2,386342.2,97.0,Fire,1890,230000
Gabon,Africa,Tropical,2004,1093.8,233.8,-860.0,65.0,302579.7,97.0,Agricultural Expansion,1690,230000
Gabon,Africa,Tropical,2005,1292.7,375.0,-917.7,98.5,366231.8,96.91,Agricultural Expansion,1926,230000
Gabon,Africa,Tropical,2006,1625.3,382.2,-1243.1,70.9,451105.7,93.4,Logging,1862,230000
Gabon,Africa,Tropical,2007,1606.3,414.9,-1191.3,629.1,470926.0,96.02,Agricultural Expansion,2286,230000
Gabon,Africa,Tropical,2008,1470.2,363.4,-1106.8,474.0,464526.0,96.43,Agricultural Expansion,1504,230000
Gabon,Africa,Tropical,2009,1948.6,206.9,-1741.7,92.7,509458.6,95.83,Agricultural Expansion,2386,230000
Gabon,Africa,Tropical,2010,1796.0,209.1,-1587.0,89.9,442404.0,93.76,Agricultural Expansion,3179,230000
Gabon,Africa,Tropical,2011,1473.7,311.9,-1161.7,707.4,466525.9,92.72,Logging,1674,230000
Gabon,Africa,Tropical,2012,1839.4,223.4,-1615.9,43.7,482335.0,96.59,Agricultural Expansion,2777,230000
Gabon,Africa,Tropical,2013,1664.5,295.3,-1369.2,94.2,457543.0,92.81,Agricultural Expansion,1953,230000
Gabon,Africa,Tropical,2014,1815.1,192.0,-1623.1,44.9,481543.6,93.1,Agricultural Expansion,3141,230000
Gabon,Africa,Tropical,2015,1632.3,452.1,-1180.2,45.6,496322.5,94.07,Fire,2396,230000
Gabon,Africa,Tropical,2016,1734.2,289.6,-1444.7,123.1,438310.1,93.13,Agricultural Expansion,2641,230000
Gabon,Africa,Tropical,2017,2112.0,405.7,-1706.3,77.8,581878.1,94.89,Mining,2818,230000
Gabon,Africa,Tropical,2018,2328.8,709.1,-1619.7,1160.5,538054.4,93.58,Logging,4116,230000
Gabon,Africa,Tropical,2019,1644.9,221.3,-1423.6,73.6,438811.5,92.02,Agricultural Expansion,3536,230000
Gabon,Africa,Tropical,2020,2465.9,616.0,-1849.8,43.5,610586.7,91.46,Logging,4979,230000
Gabon,Africa,Tropical,2021,2050.5,547.9,-1502.7,140.1,593688.6,92.65,Agricultural Expansion,4368,230000
Gabon,Africa,Tropical,2022,1945.4,396.4,-1549.1,763.9,554395.0,91.13,Urban Expansion,2472,230000
Gabon,Africa,Tropical,2023,2383.3,271.9,-2111.4,108.2,635640.6,90.95,Logging,4043,230000
Ethiopia,Africa,Tropical,2001,3062.0,725.4,-2336.6,86.2,857420.8,91.67,Mining,5547,130000
Ethiopia,Africa,Tropical,2002,2621.3,527.3,-2094.0,61.4,793858.0,93.44,Agricultural Expansion,2927,130000
Ethiopia,Africa,Tropical,2003,2880.7,321.7,-2559.0,79.7,836580.2,94.05,Climate/Drought,4124,130000
Ethiopia,Africa,Tropical,2004,2826.1,728.1,-2098.0,65.6,905081.3,94.42,Logging,5245,130000
Ethiopia,Africa,Tropical,2005,3080.8,819.3,-2261.4,1350.1,921531.4,92.53,Infrastructure,2993,130000
Ethiopia,Africa,Tropical,2006,3341.4,457.9,-2883.6,35.4,794550.9,94.26,Agricultural Expansion,6989,130000
Ethiopia,Africa,Tropical,2007,3411.6,942.9,-2468.7,128.3,1088403.0,92.5,Agricultural Expansion,6311,130000
Ethiopia,Africa,Tropical,2008,3033.3,448.9,-2584.3,184.3,851749.3,90.58,Mining,5017,130000
Ethiopia,Africa,Tropical,2009,3555.9,1159.3,-2396.6,1486.7,1028263.9,90.12,Agricultural Expansion,4176,130000
Ethiopia,Africa,Tropical,2010,3138.6,1021.5,-2117.1,85.3,845097.2,92.64,Logging,6787,130000
Ethiopia,Africa,Tropical,2011,3252.4,681.4,-2571.0,161.4,941210.2,89.99,Logging,5678,130000
Ethiopia,Africa,Tropical,2012,3580.5,1164.7,-2415.8,158.3,1070188.5,90.39,Logging,4742,130000
Ethiopia,Africa,Tropical,2013,3761.9,962.4,-2799.5,600.2,908408.9,89.82,Logging,4670,130000
Ethiopia,Africa,Tropical,2014,3994.2,913.2,-3080.9,1109.7,1048637.9,91.26,Logging,7314,130000
Ethiopia,Africa,Tropical,2015,4205.3,1124.3,-3081.0,231.1,1186522.6,89.53,Urban Expansion,6520,130000
Ethiopia,Africa,Tropical,2016,3437.8,896.2,-2541.6,244.0,904578.8,90.18,Agricultural Expansion,7039,130000
Ethiopia,Africa,Tropical,2017,4665.2,1082.1,-3583.1,235.4,1310772.1,90.39,Fire,7124,130000
Ethiopia,Africa,Tropical,2018,4215.7,1209.1,-3006.6,1148.8,1157843.9,89.97,Mining,8923,130000
Ethiopia,Africa,Tropical,2019,3588.2,967.1,-2621.1,209.1,914786.1,87.95,Unknown,6731,130000
Ethiopia,Africa,Tropical,2020,3734.1,419.3,-3314.8,1387.9,1143367.5,90.24,Urban Expansion,3522,130000
Ethiopia,Africa,Tropical,2021,4453.5,853.7,-3599.8,1464.8,1270057.3,88.48,Logging,9397,130000
Ethiopia,Africa,Tropical,2022,4406.3,1469.1,-2937.2,206.8,1158525.4,88.55,Agricultural Expansion,9204,130000
Ethiopia,Africa,Tropical,2023,4236.0,644.6,-3591.4,65.7,1091974.6,88.45,Fire,5471,130000
Spain,Europe,Temperate,2001,187.7,53.6,-134.1,10.6,30782.3,97.0,Agricultural Expansion,272,185000
Spain,Europe,Temperate,2002,227.8,50.0,-177.8,6.5,37623.9,96.94,Agricultural Expansion,320,185000
Spain,Europe,Temperate,2003,247.4,63.4,-184.1,9.0,43114.8,97.0,Agricultural Expansion,450,185000
Spain,Europe,Temperate,2004,274.9,50.0,-224.9,9.2,44067.5,97.0,Logging,410,185000
Spain,Europe,Temperate,2005,188.1,62.3,-125.8,72.0,29785.7,97.0,Logging,328,185000
Spain,Europe,Temperate,2006,210.7,59.4,-151.3,110.5,32553.7,96.68,Agricultural Expansion,199,185000
Spain,Europe,Temperate,2007,234.4,50.0,-184.4,16.4,36605.2,95.39,Agricultural Expansion,368,185000
Spain,Europe,Temperate,2008,249.5,50.0,-199.5,18.3,34494.6,97.0,Logging,358,185000
Spain,Europe,Temperate,2009,256.2,80.5,-175.7,8.6,45898.5,95.05,Fire,522,185000
Spain,Europe,Temperate,2010,261.7,50.0,-211.7,13.7,39145.6,97.0,Mining,428,185000
Spain,Europe,Temperate,2011,258.8,56.0,-202.9,13.7,41120.4,94.92,Mining,237,185000
Spain,Europe,Temperate,2012,285.3,50.2,-235.2,18.6,45522.6,93.65,Logging,409,185000
Spain,Europe,Temperate,2013,277.5,50.0,-227.5,63.6,43228.8,93.9,Agricultural Expansion,600,185000
Spain,Europe,Temperate,2014,329.7,50.0,-279.7,11.6,53071.4,96.59,Logging,576,185000
Spain,Europe,Temperate,2015,354.0,50.0,-304.0,117.9,51838.0,94.56,Logging,499,185000
Spain,Europe,Temperate,2016,329.9,59.1,-270.8,6.8,58033.8,94.94,Logging,507,185000
Spain,Europe,Temperate,2017,333.9,74.3,-259.6,24.0,56379.7,93.8,Fire,649,185000
Spain,Europe,Temperate,2018,297.2,50.0,-247.2,5.7,46025.7,95.96,Logging,607,185000
Spain,Europe,Temperate,2019,366.2,50.0,-316.2,90.8,48876.7,96.29,Fire,668,185000
Spain,Europe,Temperate,2020,302.9,50.0,-252.9,159.4,50696.6,93.38,Mining,576,185000
Spain,Europe,Temperate,2021,359.2,105.0,-254.2,12.1,55842.6,93.7,Agricultural Expansion,596,185000
Spain,Europe,Temperate,2022,315.0,59.8,-255.2,11.2,53084.8,93.74,Agricultural Expansion,439,185000
Spain,Europe,Temperate,2023,371.2,104.8,-266.5,11.0,55288.1,93.35,Climate/Drought,361,185000
Philippines,Asia,Tropical,2001,3855.8,896.3,-2959.5,263.0,1052234.7,90.98,Agricultural Expansion,5818,100000
Philippines,Asia,Tropical,2002,4077.0,687.9,-3389.1,1297.0,1148306.4,88.39,Mining,8554,100000
Philippines,Asia,Tropical,2003,4401.9,1273.8,-3128.1,262.5,1181257.8,88.85,Fire,5219,100000
Philippines,Asia,Tropical,2004,5158.6,1526.9,-3631.7,337.6,1412544.6,87.91,Mining,6480,100000
Philippines,Asia,Tropical,2005,4949.1,884.4,-4064.6,1283.1,1364243.1,87.36,Infrastructure,5126,100000
Philippines,Asia,Tropical,2006,5220.0,647.0,-4573.0,259.9,1576961.8,87.87,Agricultural Expansion,9404,100000
Philippines,Asia,Tropical,2007,5311.2,583.8,-4727.4,219.7,1358098.8,89.32,Fire,10112,100000
Philippines,Asia,Tropical,2008,6187.9,1324.7,-4863.2,277.5,1668455.6,87.87,Mining,7419,100000
Philippines,Asia,Tropical,2009,5822.0,1173.3,-4648.8,151.0,1789010.5,88.22,Agricultural Expansion,10100,100000
Philippines,Asia,Tropical,2010,5044.2,1506.2,-3538.0,1304.2,1383853.4,88.01,Mining,10964,100000
Philippines,Asia,Tropical,2011,5382.5,899.3,-4483.3,2325.4,1409429.2,87.45,Fire,5062,100000
Philippines,Asia,Tropical,2012,5456.1,1855.5,-3600.7,360.6,1510065.1,85.94,Agricultural Expansion,8319,100000
Philippines,Asia,Tropical,2013,5256.0,1250.7,-4005.3,147.2,1257703.4,86.81,Logging,8629,100000
Philippines,Asia,Tropical,2014,4645.0,1315.4,-3329.6,317.4,1164100.9,88.51,Agricultural Expansion,6413,100000
Philippines,Asia,Tropical,2015,6980.3,1546.2,-5434.1,1443.1,1919062.2,86.36,Fire,12277,100000
Philippines,Asia,Tropical,2016,5946.7,1465.7,-4481.1,281.1,1793121.2,88.81,Infrastructure,11662,100000
Philippines,Asia,Tropical,2017,5290.5,1836.2,-3454.4,70.5,1526909.0,87.61,Agricultural Expansion,8164,100000
Philippines,Asia,Tropical,2018,6839.5,1538.2,-5301.3,3689.9,2016279.2,83.93,Fire,12656,100000
Philippines,Asia,Tropical,2019,6009.0,964.7,-5044.3,2174.9,1786169.4,83.87,Agricultural Expansion,10524,100000
Philippines,Asia,Tropical,2020,6325.5,1863.4,-4462.0,493.2,1833650.0,84.81,Agricultural Expansion,8951,100000
Philippines,Asia,Tropical,2021,6816.1,2324.0,-4492.1,205.5,1957217.7,84.27,Fire,9447,100000
Philippines,Asia,Tropical,2022,7158.3,1290.2,-5868.2,2603.4,1972195.0,84.18,Urban Expansion,13068,100000
Philippines,Asia,Tropical,2023,7306.1,1433.7,-5872.3,473.7,1955679.5,81.45,Agricultural Expansion,10025,100000
